latitude,longitude,heighting,angle_deg,depth_cgr,feature_identification,anomaly_dim_class,depth,length,width,erf_b31g
16.7360717,82.2937306,4.931,120.49999999999999,0.0,Corrosion,PINH,2.54,15.0,18.0,0.91
16.7360256,82.2932978,5.762,253.99999999999997,0.0,Pipe mill anomaly,AXSL,2.54,40.0,23.0,0.91
16.7356639,82.2899633,8.687,168.99999999999997,0.635,Pipe mill anomaly,AXSL,2.54,60.0,18.0,0.91
16.7368739,82.2863731,10.197,71.5,0.0,Pipe mill anomaly,PINH,2.54,22.0,23.0,0.91
16.7368739,82.2863731,10.197,71.5,0.0,Pipe mill anomaly,PINH,2.54,22.0,23.0,0.91
16.7445342,82.2779092,18.949,230.00000000000006,0.0,Pipe mill anomaly,PITT,1.72,32.0,18.0,0.91
16.7473658,82.2688414,9.234,286.0,0.0,Pipe mill anomaly,PITT,1.72,41.0,23.0,0.91
16.747975,82.2668897,6.53,214.0,0.0,Pipe mill anomaly,CISL,1.72,17.0,18.0,0.91
16.7540322,82.247485,-7.138,351.0,0.0,Pipe mill anomaly,AXSL,2.07,36.0,18.0,0.91
16.7589514,82.2350406,0.444,39.5,0.0,Pipe mill anomaly,AXGR,2.07,61.0,22.0,0.91
16.7617306,82.2328047,0.287,315.50000000000006,0.0,Pipe mill anomaly,PITT,2.07,42.0,22.0,0.91
16.7617817,82.2327819,0.31,315.50000000000006,0.0,Pipe mill anomaly,PITT,2.07,60.0,32.0,0.91
16.7618003,82.2327739,0.316,316.0,0.0,Pipe mill anomaly,PITT,2.07,38.0,24.0,0.91
16.7646269,82.2307264,0.578,268.00000000000006,0.0,Pipe mill anomaly,AXSL,2.07,47.0,18.0,0.91
16.7646267,82.2307103,0.672,269.49999999999994,0.0,Pipe mill anomaly,AXSL,2.07,42.0,18.0,0.91
16.7740031,82.2228367,-23.505,5.999999999999996,0.0,Pipe mill anomaly,PINH,2.54,25.0,18.0,0.91
16.77791,82.2141364,-0.687,285.5,0.0,Pipe mill anomaly,PITT,1.72,72.0,42.0,0.91
16.7808922,82.20969,-2.512,260.0,0.0,Pipe mill anomaly,PITT,1.72,67.0,37.0,0.91
16.7809181,82.2096642,-2.516,296.50000000000006,0.0,Pipe mill anomaly,PITT,1.72,31.0,18.0,0.91
16.7858033,82.2045353,-1.327,231.50000000000006,0.0,Pipe mill anomaly,AXSL,1.72,28.0,16.0,0.91
16.8065622,82.1647997,0.733,117.5,0.0,Pipe mill anomaly,AXGR,2.07,79.0,31.0,0.91
16.8262892,82.1300575,2.78,194.0,0.0,Pipe mill anomaly,PITT,1.72,34.0,18.0,0.91
16.8284192,82.1238069,1.687,303.0,0.0,Pipe mill anomaly,PITT,1.72,31.0,19.0,0.91
16.8365853,82.11252,1.483,346.0,0.0,Pipe mill anomaly,AXGR,1.72,46.0,19.0,0.91
16.8409867,82.1056003,2.126,225.0,0.0,Pipe mill anomaly,AXGR,2.07,49.0,21.0,0.91
16.8501456,82.0912231,2.059,185.00000000000003,0.0,Pipe mill anomaly,PITT,2.07,66.0,47.0,0.91
16.8537383,82.0855933,1.625,258.5,0.0,Pipe mill anomaly,AXGR,1.72,38.0,18.0,0.91
16.8561661,82.0805678,2.939,141.5,0.0,Pipe mill anomaly,PITT,1.72,32.0,18.0,0.91
16.858525,82.0755519,1.831,353.5,0.0,Pipe mill anomaly,PITT,1.72,39.0,23.0,0.91
16.8589633,82.0746181,2.394,355.0,0.0,Pipe mill anomaly,PITT,1.72,31.0,25.0,0.91
16.8602411,82.0713808,3.737,138.0,0.0,Corrosion,AXSL,2.54,33.0,18.0,0.91
16.8602419,82.0713789,3.739,141.0,0.0,Corrosion cluster,AXSL,2.54,110.0,25.0,0.92
16.8602436,82.071375,3.742,131.00000000000003,0.0,Corrosion,PINH,2.54,20.0,18.0,0.91
16.8602528,82.0713519,3.762,282.0,0.0,Corrosion,AXSL,2.54,27.0,18.0,0.91
16.8657344,82.0607875,2.116,253.49999999999994,0.0,Pipe mill anomaly,CISL,2.07,14.0,26.0,0.91
16.8684528,82.0553036,2.543,283.5,0.0,Pipe mill anomaly,AXSL,2.07,22.0,18.0,0.91
16.8769239,82.0368642,2.776,358.0,0.0,Pipe mill anomaly,PITT,1.72,33.0,18.0,0.91
16.8776944,82.0348919,3.717,257.5,0.0,Pipe mill anomaly,PITT,1.72,34.0,20.0,0.91
16.8840428,82.0220567,3.928,249.00000000000003,0.0,Pipe mill anomaly,PITT,1.72,36.0,20.0,0.91
16.8849931,82.0193056,3.1,251.49999999999997,0.0,Pipe mill anomaly,AXGR,1.72,49.0,22.0,0.91
16.8858489,82.0167836,3.108,252.00000000000006,0.0,Pipe mill anomaly,AXGR,1.72,70.0,22.0,0.91
16.8874061,82.0121758,3.058,345.5,0.0,Pipe mill anomaly,PITT,1.72,36.0,20.0,0.91
16.8876311,82.0115661,3.461,189.0,0.0,Pipe mill anomaly,AXGR,1.72,39.0,18.0,0.91
16.8980761,81.9789461,3.747,295.00000000000006,0.0,Pipe mill anomaly,PITT,2.07,28.0,21.0,0.91
16.8992686,81.9698186,4.913,155.0,0.0,Pipe mill anomaly,PITT,1.72,39.0,24.0,0.91
16.9091853,81.9204756,6.858,318.5,0.0,Pipe mill anomaly,PITT,2.07,47.0,31.0,0.91
16.9091853,81.9204672,6.776,320.0,0.0,Pipe mill anomaly,PITT,2.07,42.0,26.0,0.91
16.9037653,81.9056094,8.727,182.50000000000003,0.0,Pipe mill anomaly,PINH,2.07,18.0,18.0,0.91
16.8950814,81.8905083,9.164,341.50000000000006,0.0,Pipe mill anomaly,PITT,1.72,56.0,29.0,0.91
16.8894261,81.8847175,9.478,296.50000000000006,0.0,Pipe mill anomaly,PITT,1.72,45.0,28.0,0.91
16.8829306,81.8724989,9.183,230.00000000000006,0.0,Pipe mill anomaly,PITT,1.72,42.0,24.0,0.91
16.87826,81.8616292,9.801,236.5,0.0,Pipe mill anomaly,AXSL,2.07,38.0,18.0,0.91
16.8686397,81.843655,11.911,115.00000000000004,0.0,Pipe mill anomaly,PITT,1.72,28.0,22.0,0.91
16.8677008,81.8420183,11.602,248.5,0.0,Pipe mill anomaly,AXGR,1.72,38.0,18.0,0.91
16.8659275,81.8392639,11.469,204.5,0.0,Pipe mill anomaly,PITT,1.72,31.0,25.0,0.91
16.8653336,81.8383389,11.482,28.0,0.0,Pipe mill anomaly,AXGR,1.72,41.0,18.0,0.91
16.8647303,81.8373803,11.67,226.50000000000003,0.0,Pipe mill anomaly,PITT,1.72,35.0,21.0,0.91
16.8643958,81.8368731,11.029,60.49999999999999,0.0,Pipe mill anomaly,PITT,1.72,34.0,18.0,0.91
16.8558244,81.8220453,10.643,346.5,0.0,Pipe mill anomaly,PITT,1.72,34.0,18.0,0.91
16.8531911,81.8161136,11.63,73.00000000000001,0.0,Pipe mill anomaly,PITT,1.72,26.0,18.0,0.91
16.8529953,81.815675,11.482,253.99999999999997,0.0,Pipe mill anomaly,PITT,1.72,27.0,21.0,0.91
16.8516939,81.8127203,6.394,208.50000000000003,0.0,Pipe mill anomaly,PITT,2.07,63.0,33.0,0.91
16.8504664,81.8099461,-13.36,51.0,0.0,Pipe mill anomaly,AXGR,2.07,48.0,23.0,0.91
16.84406,81.7954869,-17.351,334.0,0.0,Pipe mill anomaly,PINH,2.07,14.0,18.0,0.91
16.84406,81.7954869,-17.351,352.0,0.0,Pipe mill anomaly,PINH,2.07,15.0,18.0,0.91
16.8430481,81.7932003,-1.869,85.00000000000001,0.0,Pipe mill anomaly,AXSL,2.07,41.0,18.0,0.91
16.8396892,81.78261,10.935,53.0,0.0,Corrosion,PINH,2.54,14.0,18.0,0.91
16.8396892,81.7826089,10.934,50.5,0.0,Corrosion,PINH,2.54,17.0,18.0,0.91
16.83969,81.7826031,10.93,44.0,0.0,Corrosion,AXSL,2.54,47.0,20.0,0.91
16.8404603,81.7675697,-7.095,186.0,0.0,Pipe mill anomaly,PINH,2.54,21.0,18.0,0.91
16.8405003,81.7660178,-21.825,184.00000000000003,0.0,Pipe mill anomaly,PINH,2.54,14.0,18.0,0.91
16.8405031,81.7659533,-22.257,132.0,0.0,Pipe mill anomaly,AXSL,2.54,33.0,18.0,0.91
16.8405175,81.7655436,-24.535,187.00000000000006,0.0,Pipe mill anomaly,AXSL,2.54,27.0,18.0,0.91
16.8405742,81.7638339,-26.705,183.0,0.0,Pipe mill anomaly,PINH,2.54,14.0,18.0,0.91
16.8407219,81.7596836,-29.453,324.0,0.0,Pipe mill anomaly,PINH,2.54,12.0,18.0,0.91
16.8407569,81.7587586,-29.113,345.5,0.0,Pipe mill anomaly,AXSL,2.54,53.0,23.0,0.91
16.84076,81.7586931,-29.058,153.0,0.0,Pipe mill anomaly,AXSL,2.54,42.0,18.0,0.91
16.8407628,81.7586372,-28.991,230.5,0.0,Pipe mill anomaly,PINH,2.54,18.0,18.0,0.91
16.84084,81.7570875,-30.118,103.50000000000004,0.0,Pipe mill anomaly,PITT,2.54,40.0,32.0,0.91
16.8408403,81.7570811,-30.112,154.00000000000003,0.0,Pipe mill anomaly,PITT,2.54,38.0,30.0,0.91
16.8408406,81.7570761,-30.107,104.00000000000001,0.0,Pipe mill anomaly,PITT,2.54,46.0,30.0,0.91
16.8408406,81.7570733,-30.104,153.50000000000003,0.0,Pipe mill anomaly,PITT,2.54,32.0,36.0,0.91
16.840875,81.7561525,-25.782,182.50000000000003,0.0,Pipe mill anomaly,AXSL,2.54,27.0,18.0,0.91
16.840875,81.7561497,-25.759,182.50000000000003,0.0,Pipe mill anomaly,AXSL,2.54,30.0,18.0,0.91
16.8408825,81.7559886,-24.375,122.99999999999999,0.0,Pipe mill anomaly,PINH,2.54,16.0,18.0,0.91
16.8412572,81.7452886,10.089,217.99999999999997,0.0,Pipe mill anomaly,PITT,1.72,25.0,19.0,0.91
16.8427458,81.7320806,10.394,122.49999999999996,0.0,Pipe mill anomaly,PITT,1.72,57.0,32.0,0.91
16.8456406,81.71855,9.422,269.49999999999994,0.0,Pipe mill anomaly,PITT,2.07,63.0,56.0,0.91
16.8453503,81.7179053,9.752,217.5,0.0,Pipe mill anomaly,AXGR,2.07,70.0,25.0,0.91
16.8487467,81.7031403,8.675,122.99999999999999,0.0,Pipe mill anomaly,CISL,1.72,17.0,18.0,0.91
16.8504322,81.6973725,10.708,49.49999999999999,0.0,Pipe mill anomaly,PITT,1.72,29.0,18.0,0.91
16.8504411,81.6973414,10.746,65.0,0.0,Pipe mill anomaly,AXGR,1.72,41.0,20.0,0.91
16.8512931,81.6853503,10.826,35.0,0.0,Pipe mill anomaly,PITT,1.72,24.0,21.0,0.91
16.8505444,81.6772492,8.236,149.0,0.0,Corrosion,AXSL,2.54,44.0,18.0,0.91
16.8505444,81.6772489,8.236,144.0,0.0,Corrosion cluster,AXSL,2.54,133.0,23.0,0.92
16.8505133,81.6768722,8.482,308.0,0.0,Pipe mill anomaly,AXGR,1.72,46.0,23.0,0.91
16.8504742,81.6736825,7.615,103.50000000000004,0.0,Pipe mill anomaly,PITT,1.72,33.0,20.0,0.91
16.8504578,81.6725803,8.259,184.00000000000003,0.0,Pipe mill anomaly,PITT,1.72,37.0,22.0,0.91
16.8501467,81.6695922,8.047,302.5,0.0,Pipe mill anomaly,PITT,1.72,37.0,19.0,0.91
16.8494864,81.6630531,8.406,235.5,0.0,Pipe mill anomaly,PITT,1.72,30.0,18.0,0.91
16.8515706,81.6388228,7.265,227.50000000000003,0.0,Pipe mill anomaly,AXSL,2.54,42.0,24.0,0.91
16.8512783,81.6287689,10.521,281.5,0.0,Pipe mill anomaly,PITT,1.72,31.0,19.0,0.91
16.8507739,81.6050178,13.1,250.00000000000003,0.0,Pipe mill anomaly,PITT,1.72,30.0,18.0,0.91
16.8516569,81.594455,11.913,83.99999999999999,0.0,Pipe mill anomaly,PITT,1.72,26.0,20.0,0.91
16.8518475,81.5928692,12.798,70.5,0.0,Pipe mill anomaly,PITT,1.72,55.0,38.0,0.91
16.8523281,81.5742394,15.099,72.49999999999999,0.0,Pipe mill anomaly,PITT,1.72,33.0,22.0,0.91
16.8524086,81.5655589,17.213,214.0,0.0,Pipe mill anomaly,PITT,1.72,26.0,22.0,0.91
16.8525814,81.5504819,15.305,90.5,0.0,Pipe mill anomaly,AXGR,1.72,36.0,18.0,0.91
16.8534214,81.54486,14.702,146.00000000000003,0.0,Pipe mill anomaly,PITT,1.72,39.0,26.0,0.91
16.8536569,81.54328,14.788,333.5,0.0,Pipe mill anomaly,PITT,1.72,34.0,24.0,0.91
16.8533597,81.5374175,15.234,68.49999999999999,0.0,Pipe mill anomaly,AXSL,2.07,23.0,18.0,0.91
16.8533594,81.5374119,15.231,68.0,0.0,Pipe mill anomaly,AXSL,2.07,21.0,18.0,0.91
16.8533589,81.5374061,15.229,68.0,0.0,Pipe mill anomaly,PINH,2.07,19.0,18.0,0.91
16.8533583,81.5374003,15.227,68.0,0.0,Pipe mill anomaly,PINH,2.07,15.0,18.0,0.91
16.8508669,81.5178678,12.372,83.0,0.0,Pipe mill anomaly,PITT,1.72,28.0,19.0,0.91
16.8506456,81.5158442,11.383,289.0,0.0,Pipe mill anomaly,PITT,1.72,30.0,18.0,0.91
16.8502794,81.5126425,11.113,57.00000000000001,0.0,Corrosion,AXSL,2.54,34.0,18.0,0.91
16.8505997,81.5020294,15.909,137.0,0.0,Pipe mill anomaly,PITT,1.72,32.0,18.0,0.91
16.8490039,81.4877542,15.516,167.0,0.0,Pipe mill anomaly,AXSL,2.07,30.0,20.0,0.91
16.8489986,81.4877442,15.507,167.49999999999997,0.0,Pipe mill anomaly,AXSL,2.07,44.0,20.0,0.91
16.8489958,81.4877392,15.503,167.49999999999997,0.0,Pipe mill anomaly,AXSL,2.07,36.0,18.0,0.91
16.848985,81.4877189,15.484,167.0,0.0,Pipe mill anomaly,AXSL,2.07,34.0,19.0,0.91
16.8489822,81.4877139,15.479,166.0,0.0,Pipe mill anomaly,AXSL,2.07,34.0,19.0,0.91
16.8475675,81.4851356,15.265,114.50000000000001,0.0,Pipe mill anomaly,PITT,1.72,38.0,21.0,0.91
16.8305461,81.4528647,8.909,80.5,0.0,Pipe mill anomaly,GENE,1.72,72.0,64.0,0.91
16.8277858,81.4466819,9.757,22.0,0.0,Pipe mill anomaly,PITT,1.72,45.0,28.0,0.91
16.8212711,81.4434433,9.005,1.999999999999995,0.0,Pipe mill anomaly,CISL,1.72,13.0,18.0,0.91
16.8189483,81.4395253,7.96,15.499999999999996,0.0,Pipe mill anomaly,PITT,1.72,29.0,20.0,0.91
16.8179581,81.4378592,6.656,136.5,0.0,Pipe mill anomaly,PITT,1.72,42.0,23.0,0.91
16.8176881,81.4374064,6.854,239.0,0.0,Pipe mill anomaly,AXGR,1.72,78.0,20.0,0.92
16.8123469,81.4283967,5.052,135.5,0.0,Pipe mill anomaly,PITT,1.72,33.0,21.0,0.91
16.80873,81.4170031,4.523,72.49999999999999,0.0,Pipe mill anomaly,PITT,1.72,37.0,28.0,0.91
16.8085356,81.4160406,4.191,117.5,0.0,Pipe mill anomaly,PITT,1.72,39.0,23.0,0.91
16.8082811,81.4147639,4.352,37.5,0.0,Pipe mill anomaly,PITT,1.72,36.0,42.0,0.91
16.8080481,81.4135767,2.589,251.49999999999997,0.0,Pipe mill anomaly,PITT,1.72,36.0,26.0,0.91
16.8079397,81.4129958,3.959,212.0,0.0,Pipe mill anomaly,PITT,1.72,25.0,18.0,0.91
16.8059944,81.4034189,4.585,58.00000000000001,0.0,Pipe mill anomaly,PITT,1.72,29.0,18.0,0.91
16.8037272,81.3921094,4.849,54.5,0.0,Pipe mill anomaly,PITT,1.72,45.0,23.0,0.91
16.8035392,81.3911794,4.876,116.00000000000001,0.0,Pipe mill anomaly,PITT,1.72,34.0,18.0,0.91
16.8030394,81.3887222,4.939,27.5,0.0,Pipe mill anomaly,AXGR,1.72,44.0,18.0,0.91
16.7950483,81.3490433,3.92,220.49999999999997,0.0,Pipe mill anomaly,AXGR,1.72,56.0,26.0,0.91
16.7935264,81.3416269,3.556,243.50000000000003,0.0,Pipe mill anomaly,PITT,1.72,36.0,30.0,0.91
16.7914842,81.3313467,5.376,103.50000000000004,0.0,Pipe mill anomaly,PITT,1.72,32.0,19.0,0.91
16.7842408,81.2959447,1.969,339.00000000000006,0.0,Pipe mill anomaly,PITT,1.72,33.0,20.0,0.91
16.7840867,81.2949975,1.467,62.000000000000014,0.0,Pipe mill anomaly,PITT,1.72,30.0,21.0,0.91
16.7840844,81.2949853,1.464,246.49999999999997,0.0,Pipe mill anomaly,PITT,1.72,45.0,25.0,0.91
16.7804033,81.2735947,1.851,279.0,0.0,Pipe mill anomaly,PITT,1.72,43.0,28.0,0.91
16.7771928,81.2576508,2.261,244.5,0.0,Pipe mill anomaly,PITT,1.72,42.0,28.0,0.91
16.7741258,81.2482644,2.91,304.0,0.0,Pipe mill anomaly,PITT,1.72,55.0,47.0,0.91
16.771965,81.2416892,3.503,207.00000000000009,0.0,Pipe mill anomaly,PINH,2.54,16.0,18.0,0.91
16.7714242,81.2368744,6.563,54.00000000000001,0.0,Corrosion,PINH,2.54,12.0,18.0,0.91
16.7712039,81.2238631,6.77,287.0,0.0,Pipe mill anomaly,PITT,1.72,32.0,18.0,0.91
16.7710975,81.2178883,7.425,104.5,0.0,Pipe mill anomaly,AXGR,1.72,54.0,21.0,0.91
16.7725225,81.2106325,8.82,200.5,0.0,Pipe mill anomaly,AXGR,1.72,93.0,26.0,0.92
16.7724403,81.2084342,9.034,280.0,0.0,Pipe mill anomaly,PITT,1.72,30.0,18.0,0.91
16.7722647,81.2041758,7.725,75.5,0.0,Pipe mill anomaly,AXGR,1.72,39.0,18.0,0.91
16.7720561,81.1902244,11.721,184.50000000000003,0.0,Pipe mill anomaly,PITT,1.72,32.0,20.0,0.91
16.7720878,81.1894836,12.975,156.99999999999997,0.0,Pipe mill anomaly,PITT,1.72,43.0,27.0,0.91
16.7720886,81.1894678,12.962,279.5,0.0,Pipe mill anomaly,PITT,1.72,28.0,21.0,0.91
16.7702142,81.1711069,14.145,103.0,0.0,Pipe mill anomaly,PITT,1.72,24.0,19.0,0.91
16.7702133,81.171105,14.145,25.0,0.0,Pipe mill anomaly,PITT,1.72,20.0,18.0,0.91
16.7624181,81.1396711,13.192,202.5,0.0,Pipe mill anomaly,PITT,1.72,28.0,18.0,0.91
16.7630119,81.1219033,14.292,309.00000000000006,0.0,Pipe mill anomaly,PITT,1.72,26.0,18.0,0.91
16.76338,81.1205006,14.366,333.0,0.0,Pipe mill anomaly,PITT,1.72,26.0,18.0,0.91
16.7608094,81.1113517,15.104,342.5,0.0,Pipe mill anomaly,PITT,1.72,43.0,33.0,0.91
16.7601886,81.1094333,15.501,230.00000000000006,0.0,Pipe mill anomaly,PITT,1.72,25.0,18.0,0.91
16.7602042,81.1075603,16.5,32.5,0.0,Pipe mill anomaly,CISL,1.72,12.0,18.0,0.91
16.7602506,81.1039825,17.262,326.0,0.0,Pipe mill anomaly,AXGR,1.72,82.0,24.0,0.92
16.7602642,81.1028222,17.077,136.5,0.0,Pipe mill anomaly,PITT,1.72,45.0,28.0,0.91
16.7603808,81.100005,17.988,49.49999999999999,0.0,Pipe mill anomaly,PITT,1.72,38.0,22.0,0.91
16.7603528,81.0952264,18.726,100.50000000000001,0.0,Pipe mill anomaly,PITT,1.72,26.0,20.0,0.91
16.7614664,81.0847272,20.112,160.0,0.0,Pipe mill anomaly,AXSL,2.07,31.0,19.0,0.91
16.7649981,81.0673764,27.136,274.5,0.0,Pipe mill anomaly,AXGR,2.07,77.0,25.0,0.91
16.7652119,81.0609506,23.969,40.5,0.0,Pipe mill anomaly,AXGR,1.72,49.0,24.0,0.91
16.7652244,81.060755,23.607,98.49999999999999,0.0,Pipe mill anomaly,PITT,1.72,57.0,32.0,0.91
16.7653133,81.0594297,22.742,83.5,0.0,Pipe mill anomaly,PITT,1.72,28.0,18.0,0.91
16.7653814,81.0583781,18.325,270.5000000000001,0.0,Pipe mill anomaly,PITT,1.72,33.0,20.0,0.91
16.7575744,81.0290411,28.8,127.00000000000001,0.0,Pipe mill anomaly,PITT,1.72,31.0,18.0,0.91
16.756775,81.0265717,30.091,228.00000000000003,0.0,Pipe mill anomaly,PITT,1.72,40.0,22.0,0.91
16.7558839,81.0237983,32.451,184.00000000000003,0.0,Pipe mill anomaly,PITT,1.72,36.0,22.0,0.91
16.7516767,81.0131133,41.304,340.5,0.0,Pipe mill anomaly,PINH,2.54,14.0,18.0,0.91
16.7481111,82.2971225,-3.758,91.5,0.635,Girth weld anomaly,CIGR,2.54,32.0,148.0,
16.7481322,82.2962333,-4.697,94.5,0.0,Girth weld irregularity,,0.0,21.0,46.0,
16.7481433,82.2955308,-4.107,238.0,0.0,Girth weld irregularity,,0.0,36.0,274.0,
16.7481336,82.2954881,-4.197,187.50000000000003,0.0,Milling,,0.0,82.0,37.0,
16.7466639,82.2950472,-4.453,242.50000000000003,0.0,Girth weld irregularity,,0.0,26.0,50.0,
16.7465742,82.2951181,-4.603,172.5,0.0,Girth weld irregularity,,0.0,20.0,23.0,
16.74647,82.2951989,-5.058,274.5,0.635,Corrosion,AXSL,2.54,32.0,18.0,0.91
16.7464656,82.2952011,-5.061,279.5,0.6985,Corrosion,AXSL,2.794,38.0,25.0,0.91
16.7464644,82.2952017,-5.063,280.0,0.635,Corrosion,PINH,2.54,15.0,18.0,0.91
16.7464414,82.2952072,-5.067,45.0,0.0,Girth weld irregularity,,0.0,20.0,84.0,
16.7464414,82.2952072,-5.067,182.00000000000003,0.0,Girth weld irregularity,,0.0,20.0,23.0,
16.7463678,82.2952181,-5.094,278.50000000000006,0.0,Girth weld irregularity,,0.0,31.0,51.0,
16.7360733,82.2937439,4.906,45.5,0.635,Corrosion,PINH,2.54,12.0,18.0,0.91
16.7360733,82.2937439,4.906,123.49999999999997,0.635,Corrosion,PINH,2.54,12.0,18.0,0.91
16.7360717,82.2937303,4.931,52.50000000000001,0.635,Corrosion,AXSL,2.54,38.0,24.0,0.91
16.7360717,82.29373,4.932,146.49999999999994,0.635,Corrosion,PINH,2.54,12.0,18.0,0.91
16.7360225,82.2932653,5.774,337.50000000000006,0.635,Pipe mill anomaly,AXSL,2.54,54.0,23.0,0.91
16.7360222,82.2932644,5.774,348.0,0.635,Longitudinal weld anomaly,,2.54,63.0,30.0,
16.7357875,82.2911014,7.517,224.5,0.0,Girth weld irregularity,,0.0,20.0,68.0,
16.73576,82.2908336,7.806,309.00000000000006,0.635,Pipe mill anomaly,AXSL,2.54,41.0,18.0,0.91
16.7356367,82.2897244,8.902,320.0,0.635,Corrosion,AXSL,2.54,37.0,18.0,0.91
16.7356206,82.2895831,9.068,302.0,0.635,Pipe mill anomaly,AXSL,2.54,51.0,18.0,0.91
16.7359239,82.2882428,11.133,33.5,0.635,Pipe mill anomaly,PINH,2.54,22.0,18.0,0.91
16.7359247,82.2882417,11.135,280.0,0.635,Pipe mill anomaly,PINH,2.54,17.0,18.0,0.91
16.7363122,82.2874797,11.892,326.5,0.635,Corrosion,AXSL,2.54,45.0,18.0,0.91
16.7363128,82.2874781,11.893,326.5,0.635,Corrosion,AXSL,2.54,38.0,18.0,0.91
16.7363133,82.2874769,11.894,325.0,0.635,Corrosion,AXSL,2.54,38.0,18.0,0.91
16.7363158,82.2874728,11.899,327.0,0.635,Corrosion,AXSL,2.54,44.0,18.0,0.91
16.7456264,82.2745211,15.724,93.50000000000003,0.43,Pipe mill anomaly,PITT,1.72,21.0,18.0,0.91
16.7494108,82.2624556,1.232,97.0,0.43,Pipe mill anomaly,PITT,1.72,29.0,18.0,0.91
16.7494111,82.2624556,1.232,89.0,0.43,Pipe mill anomaly,PITT,1.72,38.0,22.0,0.91
16.7499847,82.2606822,-1.674,272.0,0.43,Pipe mill anomaly,PITT,1.72,28.0,19.0,0.91
16.7500214,82.2605733,-1.764,25.499999999999996,0.43,Pipe mill anomaly,PITT,1.72,26.0,18.0,0.91
16.7509425,82.2577617,-4.906,266.5,0.43,Pipe mill anomaly,PITT,1.72,26.0,18.0,0.91
16.7540336,82.2474803,-7.135,352.0,0.5175,Pipe mill anomaly,AXSL,2.07,27.0,18.0,0.91
16.7540786,82.2473094,-7.036,308.0,0.5175,Pipe mill anomaly,AXSL,2.07,34.0,18.0,0.91
16.7540819,82.2472969,-7.029,308.5,0.5175,Pipe mill anomaly,PITT,2.07,32.0,21.0,0.91
16.7587931,82.2352567,0.244,53.0,0.5175,Pipe mill anomaly,PITT,2.07,44.0,28.0,0.91
16.7589689,82.2350167,0.467,42.50000000000001,0.5175,Pipe mill anomaly,PINH,2.07,17.0,18.0,0.91
16.7589975,82.2349781,0.501,32.5,0.5175,Pipe mill anomaly,PITT,2.07,44.0,28.0,0.91
16.7597236,82.2339869,0.058,160.0,0.0,Girth weld irregularity,,0.0,17.0,36.0,
16.7599611,82.2336867,0.049,5.999999999999996,0.5175,Pipe mill anomaly,PITT,2.07,61.0,37.0,0.91
16.7619619,82.2327028,0.351,327.0,0.56925,Pipe mill anomaly,AXSL,2.277,54.0,19.0,0.91
16.7646442,82.2313158,0.859,163.5,0.5175,Pipe mill anomaly,PINH,2.07,20.0,18.0,0.91
16.7646269,82.2307133,0.654,275.0,0.5175,Pipe mill anomaly,AXSL,2.07,42.0,18.0,0.91
16.7656947,82.2270672,0.549,332.0,0.56925,Pipe mill anomaly,PITT,2.277,52.0,27.0,0.91
16.7740028,82.2228375,-23.503,10.000000000000053,0.635,Pipe mill anomaly,AXSL,2.54,29.0,18.0,0.91
16.7783753,82.2131572,-0.589,343.5,0.43,Pipe mill anomaly,PITT,1.72,47.0,31.0,0.91
16.7794736,82.2111019,-1.905,291.99999999999994,0.43,Pipe mill anomaly,PITT,1.72,41.0,24.0,0.91
16.7804408,82.2101308,-2.016,71.0,0.43,Pipe mill anomaly,AXGR,1.72,57.0,19.0,0.91
16.7808783,82.2097036,-2.5,342.0,0.43,Pipe mill anomaly,PITT,1.72,32.0,18.0,0.91
16.7811667,82.2094097,-2.552,222.5,0.43,Pipe mill anomaly,PITT,1.72,23.0,19.0,0.91
16.7826575,82.2078569,-1.043,80.5,0.43,Pipe mill anomaly,PITT,1.72,31.0,22.0,0.91
16.7842206,82.2062008,-1.47,255.49999999999997,0.43,Pipe mill anomaly,CISL,1.72,12.0,18.0,0.91
16.7869361,82.2030992,0.247,333.5,0.43,Pipe mill anomaly,PITT,1.72,24.0,18.0,0.91
16.7871669,82.2027025,0.312,194.5,0.43,Pipe mill anomaly,CISL,1.72,16.0,18.0,0.91
16.7880819,82.2011478,-0.979,290.5,0.43,Pipe mill anomaly,PITT,1.72,25.0,18.0,0.91
16.7882631,82.2008594,-0.786,59.99999999999999,0.43,Pipe mill anomaly,PITT,1.72,47.0,69.0,0.91
16.7888469,82.1999158,0.26,197.49999999999997,0.43,Pipe mill anomaly,PITT,1.72,36.0,24.0,0.91
16.789155,82.1994156,0.461,263.0,0.43,Pipe mill anomaly,PITT,1.72,35.0,20.0,0.91
16.7896711,82.1985378,-0.373,29.999999999999996,0.43,Pipe mill anomaly,PITT,1.72,32.0,18.0,0.91
16.7897147,82.1984628,-0.469,223.99999999999997,0.43,Pipe mill anomaly,PITT,1.72,34.0,19.0,0.91
16.7901597,82.1977108,-0.542,259.5,0.43,Pipe mill anomaly,PITT,1.72,31.0,18.0,0.91
16.7910256,82.1962419,1.462,88.5,0.43,Pipe mill anomaly,PITT,1.72,31.0,18.0,0.91
16.7930114,82.1930681,1.049,88.0,0.43,Pipe mill anomaly,AXGR,1.72,38.0,19.0,0.91
16.7931625,82.1928167,1.223,168.99999999999997,0.43,Pipe mill anomaly,PITT,1.72,24.0,24.0,0.91
16.7939092,82.1915197,-0.131,94.0,0.43,Pipe mill anomaly,AXGR,1.72,41.0,18.0,0.91
16.7939317,82.1914822,-0.15,175.0,0.43,Pipe mill anomaly,PITT,1.72,41.0,24.0,0.91
16.7950092,82.1892203,-0.377,122.0,0.43,Pipe mill anomaly,PITT,1.72,25.0,18.0,0.91
16.7952844,82.1886375,-1.509,233.49999999999997,0.43,Pipe mill anomaly,PITT,1.72,44.0,23.0,0.91
16.7963314,82.1863803,-1.701,349.0,0.43,Pipe mill anomaly,PITT,1.72,31.0,18.0,0.91
16.7963425,82.1863564,-1.72,355.5,0.43,Pipe mill anomaly,PITT,1.72,32.0,23.0,0.91
16.7966678,82.1856594,-2.006,150.0,0.43,Pipe mill anomaly,PITT,1.72,31.0,23.0,0.91
16.7983197,82.1821561,-0.028,142.0,0.0,Girth weld irregularity,,0.0,18.0,43.0,
16.8094075,82.1569822,0.255,298.0,0.5175,Pipe mill anomaly,AXSL,2.07,73.0,18.0,0.91
16.8128642,82.1506825,2.266,220.0,0.0,Girth weld irregularity,,0.0,20.0,114.0,
16.8132075,82.1500517,1.519,339.5,0.5175,Pipe mill anomaly,PINH,2.07,17.0,18.0,0.91
16.8132097,82.1500472,1.51,340.00000000000006,0.5175,Pipe mill anomaly,PINH,2.07,16.0,18.0,0.91
16.8132122,82.1500425,1.501,339.5,0.5175,Pipe mill anomaly,PINH,2.07,16.0,18.0,0.91
16.8132142,82.1500389,1.494,280.5,0.5175,Pipe mill anomaly,PINH,2.07,16.0,18.0,0.91
16.8133983,82.1496814,1.071,135.0,0.0,Girth weld irregularity,,0.0,27.0,176.0,
16.8137808,82.1489547,1.102,27.5,0.5175,Pipe mill anomaly,PINH,2.07,12.0,18.0,0.91
16.8248819,82.1355614,1.817,98.0,0.43,Pipe mill anomaly,PITT,1.72,27.0,18.0,0.91
16.8248961,82.1355086,1.856,69.0,0.43,Pipe mill anomaly,PITT,1.72,32.0,22.0,0.91
16.8253628,82.1337444,2.964,232.00000000000003,0.43,Pipe mill anomaly,AXGR,1.72,38.0,19.0,0.91
16.8254619,82.1333619,2.81,19.499999999999996,0.43,Pipe mill anomaly,PITT,1.72,30.0,19.0,0.91
16.8257194,82.1324164,1.963,217.99999999999997,0.43,Pipe mill anomaly,PITT,1.72,28.0,18.0,0.91
16.8262042,82.1304289,2.923,328.0,0.43,Pipe mill anomaly,PITT,1.72,41.0,24.0,0.91
16.8262444,82.1302536,2.912,56.0,0.43,Pipe mill anomaly,CISL,1.72,12.0,18.0,0.91
16.8304486,82.1204083,1.723,63.000000000000014,0.43,Pipe mill anomaly,PITT,1.72,37.0,20.0,0.91
16.8304617,82.1203889,1.719,276.0,0.43,Pipe mill anomaly,AXGR,1.72,42.0,20.0,0.91
16.8311247,82.1194111,1.491,41.0,0.43,Pipe mill anomaly,PITT,1.72,32.0,18.0,0.91
16.8311633,82.119355,1.472,289.0,0.43,Pipe mill anomaly,PITT,1.72,25.0,22.0,0.91
16.8319475,82.1182061,-0.166,174.5,0.43,Pipe mill anomaly,PITT,1.72,23.0,18.0,0.91
16.8319478,82.1182056,-0.165,166.49999999999997,0.43,Pipe mill anomaly,PITT,1.72,31.0,18.0,0.91
16.8335681,82.1158117,0.787,54.00000000000001,0.43,Pipe mill anomaly,PITT,1.72,32.0,18.0,0.91
16.8338792,82.1153453,0.548,261.5,0.43,Pipe mill anomaly,PITT,1.72,30.0,18.0,0.91
16.8340539,82.1150869,0.763,85.49999999999999,0.43,Pipe mill anomaly,PITT,1.72,18.0,18.0,0.91
16.8342517,82.1148058,0.752,320.5,0.43,Pipe mill anomaly,AXGR,1.72,42.0,20.0,0.91
16.8348214,82.1143372,1.328,44.0,0.43,Pipe mill anomaly,PITT,1.72,33.0,18.0,0.91
16.8361139,82.1132525,1.247,248.5,0.43,Pipe mill anomaly,PITT,1.72,39.0,26.0,0.91
16.8363442,82.1128958,1.289,356.0,0.43,Pipe mill anomaly,AXGR,1.72,48.0,20.0,0.91
16.8364397,82.1127464,1.249,320.0,0.43,Pipe mill anomaly,PITT,1.72,31.0,20.0,0.91
16.8376778,82.1108169,2.82,244.99999999999997,0.43,Pipe mill anomaly,PITT,1.72,21.0,18.0,0.91
16.8385564,82.1094108,0.985,240.50000000000006,0.43,Pipe mill anomaly,PITT,1.72,33.0,18.0,0.91
16.8385567,82.1094103,0.985,322.5,0.43,Pipe mill anomaly,PITT,1.72,27.0,18.0,0.91
16.8407831,82.1059233,1.997,359.0,0.43,Pipe mill anomaly,PITT,1.72,28.0,18.0,0.91
16.8407933,82.1059072,1.988,173.0,0.43,Pipe mill anomaly,PITT,1.72,27.0,19.0,0.91
16.8455953,82.0984042,1.375,41.5,0.5175,Pipe mill anomaly,CISL,2.07,17.0,23.0,0.91
16.8480561,82.094285,3.535,352.0,0.5175,Pipe mill anomaly,PITT,2.07,66.0,59.0,0.91
16.8498478,82.0915008,1.776,6.499999999999999,0.5175,Pipe mill anomaly,PINH,2.07,19.0,18.0,0.91
16.8518231,82.0887594,1.509,27.5,0.43,Pipe mill anomaly,PITT,1.72,34.0,18.0,0.91
16.8524892,82.0876889,2.668,177.0,0.43,Pipe mill anomaly,PITT,1.72,35.0,18.0,0.91
16.8528,82.0871714,2.553,92.50000000000001,0.43,Pipe mill anomaly,PITT,1.72,25.0,18.0,0.91
16.8531217,82.0866225,2.362,348.5,0.43,Pipe mill anomaly,PITT,1.72,25.0,18.0,0.91
16.8542222,82.0847939,2.666,165.0,0.43,Pipe mill anomaly,PITT,1.72,51.0,28.0,0.91
16.8545642,82.0841033,2.799,192.00000000000003,0.43,Pipe mill anomaly,PITT,1.72,38.0,20.0,0.91
16.8561283,82.0806517,3.099,52.50000000000001,0.43,Pipe mill anomaly,PITT,1.72,33.0,18.0,0.91
16.8561686,82.0805622,2.928,279.5,0.43,Pipe mill anomaly,PITT,1.72,26.0,18.0,0.91
16.8575489,82.0776433,2.907,206.5,0.43,Pipe mill anomaly,PITT,1.72,28.0,18.0,0.91
16.8575772,82.0775839,2.861,141.0,0.43,Pipe mill anomaly,PITT,1.72,35.0,20.0,0.91
16.8578283,82.0770569,2.554,133.5,0.43,Pipe mill anomaly,AXGR,1.72,52.0,20.0,0.91
16.8583633,82.0759069,1.399,302.0,0.43,Pipe mill anomaly,PITT,1.72,34.0,18.0,0.91
16.85915,82.0742,2.333,182.50000000000003,0.43,Pipe mill anomaly,PITT,1.72,35.0,22.0,0.91
16.8592231,82.0740217,2.289,19.499999999999996,0.43,Pipe mill anomaly,PITT,1.72,33.0,22.0,0.91
16.8602422,82.0713786,3.739,133.0,0.635,Corrosion,AXSL,2.54,31.0,24.0,0.91
16.8602433,82.0713758,3.741,127.50000000000001,0.635,Corrosion,PINH,2.54,24.0,18.0,0.91
16.8602433,82.0713756,3.741,137.0,0.635,Corrosion,AXSL,2.54,27.0,18.0,0.91
16.8602536,82.0713506,3.763,51.0,0.635,Corrosion,PITT,2.54,40.0,28.0,0.91
16.8619881,82.067775,3.016,284.0,0.6985,Pipe mill anomaly,AXGR,2.794,82.0,34.0,0.91
16.8646556,82.0629503,2.024,314.0,0.5175,Pipe mill anomaly,PITT,2.07,49.0,28.0,0.91
16.8652381,82.0617978,2.452,333.5,0.5175,Pipe mill anomaly,AXSL,2.07,38.0,19.0,0.91
16.8684503,82.0553086,2.535,283.0,0.5175,Pipe mill anomaly,AXSL,2.07,21.0,18.0,0.91
16.868455,82.0552989,2.551,282.5,0.5175,Pipe mill anomaly,PINH,2.07,19.0,19.0,0.91
16.8684575,82.0552942,2.559,282.5,0.5175,Pipe mill anomaly,PINH,2.07,20.0,18.0,0.91
16.86846,82.0552894,2.567,282.5,0.5175,Pipe mill anomaly,AXSL,2.07,22.0,18.0,0.91
16.8689311,82.0543681,3.263,327.0,0.43,Pipe mill anomaly,AXGR,1.72,36.0,18.0,0.91
16.8690539,82.0541158,3.295,204.5,0.43,Pipe mill anomaly,PITT,1.72,35.0,22.0,0.91
16.8701847,82.0514736,2.562,195.0,0.43,Pipe mill anomaly,PITT,1.72,28.0,28.0,0.91
16.8702261,82.0513675,2.48,246.49999999999997,0.43,Pipe mill anomaly,PITT,1.72,28.0,18.0,0.91
16.8702369,82.0513397,2.462,61.0,0.43,Pipe mill anomaly,PITT,1.72,30.0,21.0,0.91
16.8702383,82.0513361,2.46,69.0,0.43,Pipe mill anomaly,PITT,1.72,25.0,18.0,0.91
16.8702425,82.0513261,2.453,234.0,0.43,Pipe mill anomaly,PITT,1.72,23.0,18.0,0.91
16.8704875,82.0507089,2.748,9.000000000000053,0.43,Pipe mill anomaly,AXGR,1.72,44.0,19.0,0.91
16.8707247,82.0501119,2.828,155.5,0.43,Pipe mill anomaly,AXGR,1.72,36.0,18.0,0.91
16.8710414,82.0492981,2.209,307.5,0.43,Pipe mill anomaly,PITT,1.72,22.0,18.0,0.91
16.8727364,82.0461603,2.254,6.499999999999999,0.43,Pipe mill anomaly,PITT,1.72,32.0,18.0,0.91
16.8729178,82.0458697,2.131,272.50000000000006,0.43,Pipe mill anomaly,PITT,1.72,27.0,18.0,0.91
16.8747722,82.0423,0.131,274.0,0.5175,Pipe mill anomaly,AXSL,2.07,44.0,18.0,0.91
16.8783767,82.0331503,3.933,303.0,0.43,Pipe mill anomaly,PITT,1.72,32.0,19.0,0.91
16.8786642,82.0324278,4.002,126.00000000000006,0.43,Pipe mill anomaly,PITT,1.72,35.0,21.0,0.91
16.8786742,82.0324017,3.986,11.499999999999943,0.43,Pipe mill anomaly,PITT,1.72,37.0,23.0,0.91
16.8813406,82.0297328,4.486,339.00000000000006,0.43,Pipe mill anomaly,PITT,1.72,41.0,22.0,0.91
16.8819156,82.0283092,3.888,327.0,0.43,Pipe mill anomaly,PITT,1.72,43.0,22.0,0.91
16.882265,82.0272758,3.764,309.5,0.43,Pipe mill anomaly,AXGR,1.72,40.0,18.0,0.91
16.8826286,82.0262064,3.97,108.00000000000001,0.43,Pipe mill anomaly,PITT,1.72,45.0,28.0,0.91
16.8830183,82.0250719,3.736,215.0,0.43,Pipe mill anomaly,PITT,1.72,26.0,18.0,0.91
16.8835033,82.0236356,3.365,199.5,0.43,Pipe mill anomaly,PITT,1.72,19.0,19.0,0.91
16.8835139,82.0236042,3.364,171.5,0.43,Pipe mill anomaly,PITT,1.72,27.0,19.0,0.91
16.8835978,82.0233561,3.445,225.5,0.43,Pipe mill anomaly,PITT,1.72,27.0,20.0,0.91
16.8841269,82.0218133,3.701,57.5,0.43,Pipe mill anomaly,PITT,1.72,27.0,18.0,0.91
16.8848231,82.0198064,3.11,33.0,0.43,Pipe mill anomaly,PITT,1.72,21.0,20.0,0.91
16.8849206,82.0195186,3.141,314.0,0.43,Pipe mill anomaly,PITT,1.72,31.0,18.0,0.91
16.8859853,82.0163694,2.774,260.50000000000006,0.43,Pipe mill anomaly,AXGR,1.72,44.0,20.0,0.91
16.8859853,82.0163689,2.774,269.0,0.43,Pipe mill anomaly,PITT,1.72,33.0,20.0,0.91
16.8874061,82.0121756,3.058,350.0,0.43,Pipe mill anomaly,PITT,1.72,31.0,19.0,0.91
16.8888983,82.0091272,2.969,6.499999999999999,0.43,Pipe mill anomaly,AXGR,1.72,39.0,18.0,0.91
16.8923731,82.0024747,4.991,225.5,0.43,Pipe mill anomaly,PITT,1.72,34.0,19.0,0.91
16.8927361,82.0017839,4.833,173.5,0.43,Pipe mill anomaly,PITT,1.72,47.0,38.0,0.91
16.89398,81.9993986,5.113,314.0,0.43,Pipe mill anomaly,PITT,1.72,30.0,18.0,0.91
16.8949078,81.9975753,4.44,324.5,0.43,Pipe mill anomaly,AXGR,1.72,41.0,18.0,0.91
16.8950086,81.9972006,3.835,184.50000000000003,0.43,Pipe mill anomaly,AXGR,1.72,43.0,21.0,0.91
16.895255,81.9963144,4.827,289.0,0.43,Pipe mill anomaly,PITT,1.72,62.0,35.0,0.91
16.8957025,81.9946775,5.019,56.0,0.43,Pipe mill anomaly,PITT,1.72,25.0,22.0,0.91
16.8957317,81.9945706,4.931,64.0,0.43,Pipe mill anomaly,PITT,1.72,21.0,24.0,0.91
16.8959867,81.9936464,4.348,221.0,0.43,Pipe mill anomaly,PITT,1.72,63.0,35.0,0.91
16.8963967,81.9917269,5.05,41.99999999999999,0.43,Pipe mill anomaly,PITT,1.72,32.0,18.0,0.91
16.8969592,81.9875742,5.171,172.5,0.43,Pipe mill anomaly,CISL,1.72,16.0,18.0,0.91
16.8969669,81.9875072,5.164,118.50000000000001,0.43,Pipe mill anomaly,PITT,1.72,29.0,18.0,0.91
16.8975036,81.9832789,5.334,188.5,0.43,Pipe mill anomaly,PITT,1.72,29.0,18.0,0.91
16.8984442,81.9761467,4.561,222.99999999999997,0.43,Pipe mill anomaly,PITT,1.72,29.0,18.0,0.91
16.8985706,81.9751464,4.74,328.0,0.43,Pipe mill anomaly,PITT,1.72,24.0,18.0,0.91
16.8986839,81.9742208,5.112,85.00000000000001,0.43,Pipe mill anomaly,PITT,1.72,23.0,18.0,0.91
16.8988106,81.973315,5.641,172.5,0.43,Pipe mill anomaly,PITT,1.72,36.0,26.0,0.91
16.8989872,81.9719897,5.235,334.99999999999994,0.43,Pipe mill anomaly,PITT,1.72,24.0,18.0,0.91
16.8993675,81.9691256,5.322,349.0,0.43,Pipe mill anomaly,AXGR,1.72,50.0,20.0,0.91
16.8994061,81.9688339,5.158,179.5,0.43,Pipe mill anomaly,PITT,1.72,24.0,19.0,0.91
16.9029886,81.9529392,7.185,313.49999999999994,0.43,Pipe mill anomaly,CISL,1.72,12.0,18.0,0.91
16.9030908,81.9524353,6.902,189.0,0.43,Pipe mill anomaly,PITT,1.72,36.0,28.0,0.91
16.9049819,81.9427458,7.503,95.0,0.43,Pipe mill anomaly,AXGR,1.72,78.0,18.0,0.92
16.9050019,81.9426381,7.677,58.99999999999999,0.43,Pipe mill anomaly,PITT,1.72,23.0,18.0,0.91
16.9052747,81.9410317,7.877,111.99999999999999,0.43,Pipe mill anomaly,PITT,1.72,35.0,18.0,0.91
16.9054492,81.9399806,7.58,170.00000000000003,0.43,Pipe mill anomaly,AXGR,1.72,40.0,18.0,0.91
16.9077306,81.9297092,3.763,261.0,0.0,Girth weld irregularity,,0.0,19.0,33.0,
16.9077403,81.9296456,3.695,276.0,0.5175,Pipe mill anomaly,AXGR,2.07,62.0,24.0,0.91
16.9077903,81.9293717,5.631,172.0,0.0,Girth weld irregularity,,0.0,13.0,29.0,
16.909185,81.9204489,6.59,218.49999999999997,0.0,Girth weld irregularity,,0.0,32.0,167.0,
16.9090656,81.9197683,5.61,333.0,0.0,Girth weld irregularity,,0.0,49.0,57.0,
16.9018294,81.9024069,9.684,307.0,0.43,Pipe mill anomaly,PITT,1.72,20.0,18.0,0.91
16.9013983,81.9017436,9.71,176.0,0.43,Pipe mill anomaly,PITT,1.72,27.0,22.0,0.91
16.8992969,81.8984406,8.614,107.5,0.43,Pipe mill anomaly,AXGR,1.72,73.0,18.0,0.91
16.8985056,81.8971922,8.715,107.5,0.43,Pipe mill anomaly,PITT,1.72,31.0,18.0,0.91
16.8985028,81.8971883,8.713,252.49999999999997,0.43,Pipe mill anomaly,PITT,1.72,32.0,18.0,0.91
16.897895,81.8962389,9.224,263.5,0.43,Pipe mill anomaly,PITT,1.72,34.0,21.0,0.91
16.8971175,81.8950189,8.628,141.5,0.43,Pipe mill anomaly,PITT,1.72,29.0,18.0,0.91
16.8967061,81.8943789,8.755,217.99999999999997,0.43,Pipe mill anomaly,PITT,1.72,35.0,18.0,0.91
16.8965253,81.8940886,9.074,160.0,0.43,Pipe mill anomaly,AXGR,1.72,39.0,18.0,0.91
16.8955228,81.8916556,8.54,234.50000000000003,0.43,Pipe mill anomaly,PITT,1.72,32.0,18.0,0.91
16.8955044,81.8916092,8.558,169.50000000000003,0.43,Pipe mill anomaly,PITT,1.72,22.0,18.0,0.91
16.8925761,81.8893767,4.966,164.0,0.43,Pipe mill anomaly,PITT,1.72,34.0,20.0,0.91
16.8916028,81.8888914,8.837,212.0,0.43,Pipe mill anomaly,PITT,1.72,36.0,21.0,0.91
16.8913936,81.8884844,8.616,222.99999999999997,0.43,Pipe mill anomaly,PITT,1.72,39.0,25.0,0.91
16.8908894,81.8875114,8.702,6.499999999999999,0.43,Pipe mill anomaly,PITT,1.72,36.0,24.0,0.91
16.8908025,81.8873731,8.373,18.999999999999996,0.43,Pipe mill anomaly,PITT,1.72,38.0,57.0,0.91
16.8878828,81.8819486,9.11,208.00000000000003,0.43,Pipe mill anomaly,PITT,1.72,28.0,18.0,0.91
16.88598,81.8784764,9.533,64.0,0.43,Pipe mill anomaly,AXGR,1.72,37.0,18.0,0.91
16.8858753,81.8782714,9.545,300.5,0.43,Pipe mill anomaly,AXGR,1.72,40.0,20.0,0.91
16.8858744,81.8782703,9.545,12.499999999999943,0.43,Pipe mill anomaly,PITT,1.72,24.0,18.0,0.91
16.8858736,81.8782683,9.545,328.0,0.43,Pipe mill anomaly,PITT,1.72,22.0,18.0,0.91
16.885865,81.8782514,9.541,185.00000000000003,0.43,Pipe mill anomaly,PITT,1.72,39.0,22.0,0.91
16.8858147,81.8781531,9.535,327.0,0.43,Pipe mill anomaly,PITT,1.72,42.0,28.0,0.91
16.885295,81.8771469,8.77,222.00000000000003,0.43,Pipe mill anomaly,AXGR,1.72,37.0,18.0,0.91
16.8852936,81.8771444,8.768,78.5,0.43,Pipe mill anomaly,PITT,1.72,24.0,18.0,0.91
16.8848161,81.8761911,9.406,3.999999999999995,0.43,Pipe mill anomaly,PITT,1.72,36.0,26.0,0.91
16.8837147,81.8740261,9.643,114.50000000000001,0.43,Pipe mill anomaly,PITT,1.72,32.0,21.0,0.91
16.8829272,81.8724922,9.186,276.0,0.43,Pipe mill anomaly,PITT,1.72,23.0,18.0,0.91
16.8826831,81.8719986,9.211,178.5,0.43,Pipe mill anomaly,PITT,1.72,34.0,18.0,0.91
16.8761064,81.8575978,9.428,319.0,0.5175,Pipe mill anomaly,AXGR,2.07,76.0,37.0,0.91
16.8756158,81.8566756,9.911,327.0,0.5175,Pipe mill anomaly,GENE,2.07,73.0,69.0,0.91
16.8744147,81.8544303,9.557,311.0,0.5175,Pipe mill anomaly,PINH,2.07,20.0,18.0,0.91
16.8710822,81.8482158,10.013,287.50000000000006,0.5175,Pipe mill anomaly,AXSL,2.07,41.0,18.0,0.91
16.8706139,81.8473481,10.516,129.0,0.5175,Pipe mill anomaly,PITT,2.07,34.0,21.0,0.91
16.8706133,81.8473475,10.518,116.99999999999997,0.5175,Pipe mill anomaly,AXSL,2.07,36.0,19.0,0.91
16.8706111,81.8473431,10.525,127.00000000000001,0.5175,Pipe mill anomaly,AXSL,2.07,33.0,18.0,0.91
16.8706094,81.84734,10.531,126.00000000000006,0.5175,Pipe mill anomaly,AXSL,2.07,36.0,18.0,0.91
16.8700111,81.8462069,11.842,252.00000000000006,0.56925,Pipe mill anomaly,PITT,2.277,28.0,24.0,0.91
16.8692078,81.8447211,11.801,37.5,0.43,Pipe mill anomaly,PITT,1.72,49.0,26.0,0.91
16.8686711,81.843715,11.851,164.5,0.43,Pipe mill anomaly,PITT,1.72,31.0,18.0,0.91
16.8683603,81.8431175,11.822,114.00000000000001,0.43,Pipe mill anomaly,AXGR,1.72,46.0,20.0,0.91
16.8683264,81.8430547,11.808,166.0,0.43,Pipe mill anomaly,PITT,1.72,38.0,21.0,0.91
16.8681281,81.8426942,11.623,239.0,0.43,Pipe mill anomaly,AXGR,1.72,45.0,19.0,0.91
16.8668917,81.84076,11.935,26.5,0.43,Pipe mill anomaly,PITT,1.72,26.0,18.0,0.91
16.8668411,81.8406814,11.973,113.0,0.43,Pipe mill anomaly,PITT,1.72,25.0,18.0,0.91
16.866025,81.8394147,11.455,150.5,0.43,Pipe mill anomaly,AXGR,1.72,77.0,20.0,0.92
16.8660158,81.8394003,11.446,158.5,0.43,Pipe mill anomaly,CISL,1.72,13.0,18.0,0.91
16.8658667,81.83917,11.52,179.0,0.43,Pipe mill anomaly,PITT,1.72,40.0,21.0,0.91
16.8653322,81.8383364,11.484,35.0,0.43,Pipe mill anomaly,AXGR,1.72,44.0,18.0,0.91
16.8647347,81.8373875,11.67,191.5,0.43,Pipe mill anomaly,PITT,1.72,28.0,18.0,0.91
16.864705,81.8373417,11.669,349.0,0.43,Pipe mill anomaly,PITT,1.72,30.0,18.0,0.91
16.8646975,81.8373306,11.664,38.5,0.43,Pipe mill anomaly,PITT,1.72,26.0,22.0,0.91
16.8646406,81.8372442,11.613,63.50000000000001,0.43,Pipe mill anomaly,PITT,1.72,29.0,20.0,0.91
16.8645375,81.8370892,11.34,217.0,0.43,Pipe mill anomaly,PITT,1.72,35.0,22.0,0.91
16.8643606,81.8368189,10.969,60.49999999999999,0.43,Pipe mill anomaly,PITT,1.72,43.0,22.0,0.91
16.8612019,81.8302608,12.513,195.99999999999997,0.0,Girth weld irregularity,,0.0,19.0,30.0,
16.8560878,81.8226414,9.602,64.5,0.43,Pipe mill anomaly,PITT,1.72,53.0,31.0,0.91
16.855855,81.8221144,10.66,74.5,0.43,Pipe mill anomaly,PITT,1.72,20.0,18.0,0.91
16.8558475,81.8220972,10.655,181.5,0.43,Pipe mill anomaly,PITT,1.72,46.0,27.0,0.91
16.8558233,81.8220431,10.642,175.5,0.43,Pipe mill anomaly,PITT,1.72,33.0,26.0,0.91
16.8544706,81.8190025,12.374,179.5,0.43,Pipe mill anomaly,PITT,1.72,23.0,19.0,0.91
16.8543283,81.8186819,12.501,266.5,0.43,Pipe mill anomaly,PITT,1.72,29.0,19.0,0.91
16.8541319,81.8182483,12.089,181.5,0.43,Pipe mill anomaly,AXGR,1.72,81.0,23.0,0.92
16.8541247,81.8182325,12.08,88.5,0.43,Pipe mill anomaly,PITT,1.72,40.0,24.0,0.91
16.8540028,81.8179647,12.077,92.50000000000001,0.43,Pipe mill anomaly,AXGR,1.72,62.0,22.0,0.91
16.8536383,81.8171308,12.199,144.5,0.43,Pipe mill anomaly,PITT,1.72,33.0,22.0,0.91
16.8536131,81.8170725,12.246,260.0,0.43,Pipe mill anomaly,AXGR,1.72,44.0,18.0,0.91
16.8536114,81.8170692,12.248,280.0,0.43,Pipe mill anomaly,AXGR,1.72,42.0,20.0,0.91
16.8532106,81.8161572,11.591,102.49999999999999,0.43,Pipe mill anomaly,CISL,1.72,14.0,18.0,0.91
16.8532106,81.8161569,11.591,98.99999999999999,0.43,Pipe mill anomaly,CISL,1.72,12.0,18.0,0.91
16.8531097,81.8159311,11.575,119.50000000000003,0.43,Pipe mill anomaly,PITT,1.72,61.0,37.0,0.91
16.8526183,81.8148192,11.126,266.0,0.43,Pipe mill anomaly,PITT,1.72,35.0,18.0,0.91
16.8525817,81.8147361,11.141,291.99999999999994,0.43,Pipe mill anomaly,AXGR,1.72,53.0,21.0,0.91
16.85209,81.8136261,11.73,185.00000000000003,0.621,Girth weld anomaly,CIGR,2.484,47.0,109.0,
16.8518842,81.8131519,9.491,87.5,0.5175,Pipe mill anomaly,AXSL,2.07,26.0,18.0,0.91
16.8515594,81.8124211,4.176,255.00000000000003,0.5175,Pipe mill anomaly,AXSL,2.07,37.0,18.0,0.91
16.8504628,81.8099378,-13.427,44.0,0.5175,Pipe mill anomaly,PITT,2.07,46.0,28.0,0.91
16.84406,81.7954869,-17.351,307.5,0.5175,Pipe mill anomaly,PINH,2.07,12.0,18.0,0.91
16.84406,81.7954867,-17.35,174.0,0.5175,Pipe mill anomaly,PINH,2.07,14.0,18.0,0.91
16.8440578,81.7954817,-17.323,334.5,0.5175,Pipe mill anomaly,PINH,2.07,12.0,18.0,0.91
16.8440578,81.7954814,-17.323,352.5,0.5175,Pipe mill anomaly,PINH,2.07,14.0,18.0,0.91
16.8433283,81.7938328,-6.487,130.0,0.5175,Pipe mill anomaly,PITT,2.07,51.0,39.0,0.91
16.8433281,81.7938325,-6.486,124.50000000000001,0.5175,Pipe mill anomaly,AXSL,2.07,40.0,18.0,0.91
16.8430789,81.79327,-2.368,89.0,0.5175,Pipe mill anomaly,PITT,2.07,37.0,22.0,0.91
16.8425344,81.7920469,6.193,338.5,0.762,Girth weld anomaly,CIGR,3.048,61.0,325.0,
16.8425236,81.7920244,7.469,285.5,0.67275,Girth weld anomaly,CIGR,2.691,50.0,136.0,
16.8395969,81.7834628,10.55,162.5,0.0,Girth weld irregularity,,0.0,25.0,117.0,
16.8396892,81.7826103,10.935,125.00000000000001,0.635,Corrosion,PINH,2.54,13.0,18.0,0.91
16.8396892,81.78261,10.935,7.499999999999999,0.635,Corrosion,AXSL,2.54,37.0,18.0,0.91
16.8396892,81.7826094,10.935,53.50000000000001,0.635,Corrosion,PINH,2.54,17.0,18.0,0.91
16.8396892,81.7826092,10.935,127.00000000000001,0.635,Corrosion,AXSL,2.54,32.0,18.0,0.91
16.8396892,81.7826083,10.934,121.5,0.635,Corrosion,PINH,2.54,25.0,18.0,0.91
16.8396894,81.7826069,10.933,43.0,0.635,Corrosion,PINH,2.54,20.0,18.0,0.91
16.8396897,81.782605,10.932,41.5,0.635,Corrosion,PITT,2.54,45.0,26.0,0.91
16.8396897,81.7826044,10.931,29.999999999999996,0.635,Corrosion,PINH,2.54,13.0,18.0,0.91
16.8396897,81.7826044,10.931,53.50000000000001,0.635,Corrosion,PINH,2.54,15.0,18.0,0.91
16.8396897,81.7826042,10.931,127.50000000000001,0.635,Corrosion,AXSL,2.54,36.0,18.0,0.91
16.8396897,81.7826039,10.931,47.0,0.635,Corrosion,PINH,2.54,17.0,18.0,0.91
16.8396897,81.7826036,10.931,148.50000000000003,0.635,Corrosion,PINH,2.54,20.0,18.0,0.91
16.8396897,81.7826036,10.931,128.5,0.635,Corrosion,AXSL,2.54,41.0,22.0,0.91
16.83969,81.7826031,10.93,53.50000000000001,0.635,Corrosion,PINH,2.54,12.0,18.0,0.91
16.83969,81.7826031,10.93,136.0,0.635,Corrosion,AXSL,2.54,43.0,18.0,0.91
16.8396903,81.7826006,10.929,221.5,0.635,Corrosion,AXSL,2.54,40.0,18.0,0.91
16.8396903,81.7826006,10.929,129.0,0.635,Corrosion,PINH,2.54,14.0,18.0,0.91
16.8396903,81.7826003,10.928,132.49999999999997,0.635,Corrosion,AXSL,2.54,27.0,18.0,0.91
16.8396903,81.7825986,10.927,0.0,0.635,Corrosion,AXSL,2.54,34.0,18.0,0.91
16.8396931,81.7825747,10.917,184.00000000000003,0.635,Corrosion,AXSL,2.54,39.0,18.0,0.91
16.8396931,81.7825747,10.917,292.5,0.635,Corrosion,AXSL,2.54,32.0,18.0,0.91
16.8396933,81.7825719,10.916,58.5,0.635,Corrosion,AXSL,2.54,64.0,22.0,0.91
16.8396933,81.7825717,10.915,136.5,0.635,Corrosion,AXSL,2.54,37.0,20.0,0.91
16.8397592,81.7818347,4.066,259.0,0.635,Pipe mill anomaly,PINH,2.54,22.0,18.0,0.91
16.8404628,81.7671792,-10.847,183.5,0.635,Pipe mill anomaly,PINH,2.54,21.0,18.0,0.91
16.8405008,81.7660019,-21.93,189.0,0.635,Pipe mill anomaly,PINH,2.54,24.0,18.0,0.91
16.8405031,81.7659533,-22.257,127.00000000000001,0.635,Pipe mill anomaly,AXSL,2.54,36.0,24.0,0.91
16.8406797,81.76081,-28.212,191.5,0.635,Pipe mill anomaly,AXSL,2.54,32.0,18.0,0.91
16.8407219,81.7596847,-29.452,326.5,0.635,Pipe mill anomaly,PINH,2.54,12.0,18.0,0.91
16.8407628,81.7586361,-28.99,238.0,0.635,Pipe mill anomaly,PINH,2.54,15.0,18.0,0.91
16.8407631,81.7586325,-28.987,49.49999999999999,0.635,Pipe mill anomaly,PINH,2.54,25.0,18.0,0.91
16.8408133,81.7577197,-29.678,52.50000000000001,0.635,Pipe mill anomaly,PINH,2.54,18.0,18.0,0.91
16.8408347,81.7572464,-30.25,181.5,0.635,Pipe mill anomaly,PINH,2.54,14.0,18.0,0.91
16.8408369,81.7571892,-30.226,75.5,0.635,Pipe mill anomaly,PINH,2.54,15.0,18.0,0.91
16.84084,81.7570914,-30.121,103.50000000000004,0.635,Pipe mill anomaly,PITT,2.54,40.0,32.0,0.91
16.8408403,81.7570836,-30.114,103.0,0.635,Pipe mill anomaly,PITT,2.54,37.0,43.0,0.91
16.8408403,81.7570797,-30.11,102.49999999999999,0.635,Pipe mill anomaly,PITT,2.54,35.0,45.0,0.91
16.8408406,81.7570775,-30.108,92.00000000000001,0.635,Pipe mill anomaly,PINH,2.54,19.0,18.0,0.91
16.8408828,81.7559861,-24.351,217.0,0.635,Pipe mill anomaly,PINH,2.54,12.0,18.0,0.91
16.8408831,81.75598,-24.296,215.0,0.635,Pipe mill anomaly,PINH,2.54,12.0,18.0,0.91
16.8411164,81.7488064,9.724,67.5,0.43,Pipe mill anomaly,PITT,1.72,19.0,18.0,0.91
16.8411186,81.7487447,9.67,104.5,0.43,Pipe mill anomaly,PITT,1.72,26.0,18.0,0.91
16.8411528,81.7476453,9.601,6.9999999999999964,0.43,Pipe mill anomaly,PITT,1.72,32.0,18.0,0.91
16.8415625,81.7393672,10.791,134.5,0.43,Pipe mill anomaly,PITT,1.72,30.0,18.0,0.91
16.8418786,81.7373514,10.599,257.0,0.43,Pipe mill anomaly,PITT,1.72,27.0,20.0,0.91
16.8420353,81.7364197,10.947,39.5,0.43,Pipe mill anomaly,AXGR,1.72,38.0,18.0,0.91
16.8425033,81.7335472,9.912,241.99999999999997,0.43,Pipe mill anomaly,PITT,1.72,28.0,18.0,0.91
16.8456061,81.7146908,10.884,322.5,0.5175,Pipe mill anomaly,AXSL,2.07,43.0,19.0,0.91
16.84564,81.714525,10.863,260.50000000000006,0.5175,Pipe mill anomaly,AXGR,2.07,53.0,26.0,0.91
16.8460947,81.7123767,11.246,347.5,0.5175,Pipe mill anomaly,PINH,2.07,14.0,18.0,0.91
16.8463378,81.7114492,11.264,35.0,0.5175,Pipe mill anomaly,AXGR,2.07,63.0,30.0,0.91
16.8469597,81.7092561,10.881,226.50000000000003,0.5175,Pipe mill anomaly,AXSL,2.07,33.0,19.0,0.91
16.8485997,81.7036514,6.994,313.49999999999994,0.43,Pipe mill anomaly,AXGR,1.72,38.0,18.0,0.91
16.8495542,81.7003919,9.466,225.5,0.43,Pipe mill anomaly,PITT,1.72,32.0,18.0,0.91
16.84983,81.6994247,9.455,83.99999999999999,0.43,Pipe mill anomaly,PITT,1.72,29.0,18.0,0.91
16.85003,81.6987139,9.076,113.0,0.43,Pipe mill anomaly,PITT,1.72,54.0,43.0,0.91
16.8503394,81.6976886,10.02,192.00000000000003,0.43,Pipe mill anomaly,PITT,1.72,28.0,20.0,0.91
16.8510928,81.6950942,10.601,246.99999999999994,0.43,Pipe mill anomaly,PITT,1.72,33.0,18.0,0.91
16.8522956,81.6908725,10.752,0.4999999999999972,0.5175,Longitudinal weld anomaly,,2.07,18.0,18.0,
16.8515756,81.6884756,10.532,129.0,0.43,Pipe mill anomaly,PITT,1.72,34.0,19.0,0.91
16.8512347,81.6847342,10.064,45.5,0.43,Pipe mill anomaly,PITT,1.72,33.0,18.0,0.91
16.8509961,81.6821397,10.262,290.99999999999994,0.43,Pipe mill anomaly,AXGR,1.72,43.0,18.0,0.91
16.8507858,81.6800622,9.601,22.499999999999996,0.43,Pipe mill anomaly,AXGR,1.72,62.0,23.0,0.91
16.850785,81.6800539,9.613,195.0,0.43,Pipe mill anomaly,AXGR,1.72,40.0,18.0,0.91
16.8506758,81.6786583,8.483,22.0,0.43,Pipe mill anomaly,PITT,1.72,24.0,21.0,0.91
16.8506725,81.6786242,8.402,359.49999999999994,0.43,Pipe mill anomaly,AXGR,1.72,51.0,18.0,0.91
16.8506436,81.6783481,7.639,98.49999999999999,0.43,Pipe mill anomaly,PITT,1.72,39.0,26.0,0.91
16.850605,81.67797,7.271,249.5,0.43,Pipe mill anomaly,PITT,1.72,33.0,21.0,0.91
16.8505444,81.6772478,8.235,147.50000000000003,0.635,Corrosion,AXSL,2.54,27.0,18.0,0.91
16.8505236,81.6769917,8.251,241.99999999999997,0.43,Pipe mill anomaly,PITT,1.72,45.0,23.0,0.91
16.8505228,81.6769819,8.265,148.00000000000003,0.43,Pipe mill anomaly,PITT,1.72,25.0,18.0,0.91
16.8504764,81.6764903,8.906,58.00000000000001,0.43,Pipe mill anomaly,PITT,1.72,24.0,18.0,0.91
16.8504739,81.6764647,8.907,148.00000000000003,0.43,Pipe mill anomaly,PITT,1.72,31.0,20.0,0.91
16.8504628,81.6763517,8.901,298.5,0.43,Pipe mill anomaly,AXGR,1.72,54.0,25.0,0.91
16.8504242,81.6759747,8.835,160.0,0.43,Pipe mill anomaly,PITT,1.72,19.0,18.0,0.91
16.8503642,81.6751186,7.991,154.5,0.43,Pipe mill anomaly,PITT,1.72,24.0,18.0,0.91
16.8503958,81.6746239,8.146,220.0,0.43,Pipe mill anomaly,AXGR,1.72,36.0,18.0,0.91
16.8504408,81.6741008,7.343,324.5,0.43,Pipe mill anomaly,PITT,1.72,34.0,20.0,0.91
16.8505031,81.6732217,7.856,163.5,0.43,Pipe mill anomaly,PITT,1.72,41.0,25.0,0.91
16.8503575,81.6715761,8.063,246.49999999999997,0.43,Pipe mill anomaly,PITT,1.72,29.0,18.0,0.91
16.84998,81.6679886,8.039,72.49999999999999,0.43,Pipe mill anomaly,AXGR,1.72,44.0,19.0,0.91
16.8495792,81.66405,8.25,236.5,0.43,Pipe mill anomaly,PITT,1.72,25.0,18.0,0.91
16.8489711,81.6579467,8.747,268.00000000000006,0.43,Pipe mill anomaly,AXGR,1.72,66.0,32.0,0.91
16.8506156,81.64928,9.124,264.0,0.43,Pipe mill anomaly,PITT,1.72,35.0,22.0,0.91
16.8507172,81.6462483,9.184,124.50000000000001,0.43,Pipe mill anomaly,PITT,1.72,25.0,18.0,0.91
16.8507947,81.6439456,8.561,286.0,0.43,Pipe mill anomaly,PITT,1.72,50.0,31.0,0.91
16.8508678,81.6420139,9.055,83.99999999999999,0.43,Pipe mill anomaly,PITT,1.72,20.0,18.0,0.91
16.8508739,81.6418336,9.045,89.5,0.43,Pipe mill anomaly,PITT,1.72,37.0,20.0,0.91
16.8508761,81.6417742,9.058,167.0,0.43,Pipe mill anomaly,PITT,1.72,24.0,19.0,0.91
16.8510206,81.639745,7.671,329.0,0.43,Pipe mill anomaly,PITT,1.72,65.0,35.0,0.91
16.8517742,81.6384708,8.266,276.0,0.621,Pipe mill anomaly,GENE,2.484,71.0,78.0,0.91
16.8517756,81.6384522,8.293,4.999999999999996,0.5175,Longitudinal weld anomaly,,2.07,18.0,18.0,
16.8516892,81.6364842,7.993,81.0,0.43,Pipe mill anomaly,AXGR,1.72,52.0,24.0,0.91
16.8515869,81.6346233,7.552,85.00000000000001,0.43,Pipe mill anomaly,PITT,1.72,39.0,33.0,0.91
16.8515028,81.6329311,7.272,124.00000000000003,0.43,Pipe mill anomaly,PITT,1.72,23.0,18.0,0.91
16.8513625,81.6304161,9.997,195.99999999999997,0.43,Pipe mill anomaly,AXGR,1.72,40.0,19.0,0.91
16.8513172,81.6294725,10.819,124.00000000000003,0.43,Pipe mill anomaly,PITT,1.72,48.0,26.0,0.91
16.8513025,81.6291856,10.614,103.0,0.43,Pipe mill anomaly,PITT,1.72,47.0,30.0,0.91
16.8513,81.6291389,10.584,65.5,0.43,Pipe mill anomaly,PITT,1.72,45.0,43.0,0.91
16.8512989,81.6291178,10.579,294.00000000000006,0.43,Pipe mill anomaly,PITT,1.72,64.0,45.0,0.91
16.8510492,81.6242697,10.249,337.50000000000006,0.43,Pipe mill anomaly,PITT,1.72,38.0,24.0,0.91
16.8510211,81.6237658,10.084,124.50000000000001,0.43,Pipe mill anomaly,CISL,1.72,12.0,18.0,0.91
16.85076,81.6193203,11.141,283.5,0.43,Pipe mill anomaly,AXGR,1.72,38.0,18.0,0.91
16.8505883,81.6165319,10.882,215.0,0.43,Pipe mill anomaly,PITT,1.72,25.0,18.0,0.91
16.8505247,81.615555,10.207,37.5,0.43,Pipe mill anomaly,AXGR,1.72,47.0,20.0,0.91
16.8504619,81.6146039,10.597,299.0,0.43,Pipe mill anomaly,AXGR,1.72,53.0,18.0,0.91
16.8503836,81.6134131,10.014,196.49999999999997,0.43,Pipe mill anomaly,AXGR,1.72,37.0,18.0,0.91
16.8501842,81.6104183,11.249,318.0,0.43,Pipe mill anomaly,PITT,1.72,28.0,18.0,0.91
16.8500344,81.6079164,11.937,336.50000000000006,0.43,Pipe mill anomaly,PITT,1.72,35.0,24.0,0.91
16.8510036,81.5998769,11.183,218.49999999999997,0.43,Pipe mill anomaly,PITT,1.72,47.0,25.0,0.91
16.8513253,81.5972325,11.473,192.5,0.43,Pipe mill anomaly,AXGR,1.72,44.0,19.0,0.91
16.8516014,81.5949342,11.681,282.0,0.43,Pipe mill anomaly,AXGR,1.72,47.0,21.0,0.91
16.8516275,81.5947089,11.654,340.5,0.43,Pipe mill anomaly,PITT,1.72,42.0,26.0,0.91
16.8517247,81.5938803,12.348,358.49999999999994,0.43,Pipe mill anomaly,PITT,1.72,33.0,32.0,0.91
16.8517533,81.5936447,12.656,347.0,0.43,Pipe mill anomaly,PITT,1.72,31.0,18.0,0.91
16.8519403,81.5920953,12.75,204.5,0.43,Pipe mill anomaly,PITT,1.72,40.0,27.0,0.91
16.8519411,81.5920883,12.741,43.0,0.43,Pipe mill anomaly,PITT,1.72,28.0,19.0,0.91
16.8521917,81.5900117,13.294,215.5,0.43,Pipe mill anomaly,PITT,1.72,39.0,23.0,0.91
16.8522028,81.58992,13.351,60.49999999999999,0.43,Pipe mill anomaly,AXGR,1.72,43.0,18.0,0.91
16.8522028,81.5899197,13.351,69.0,0.43,Pipe mill anomaly,AXGR,1.72,41.0,18.0,0.91
16.8527103,81.5845619,13.769,300.5,0.43,Pipe mill anomaly,CISL,1.72,15.0,18.0,0.91
16.8524731,81.5778308,14.289,134.5,0.43,Pipe mill anomaly,PITT,1.72,23.0,18.0,0.91
16.8524592,81.5775253,13.99,72.49999999999999,0.43,Pipe mill anomaly,PITT,1.72,20.0,18.0,0.91
16.8522933,81.5734444,15.305,128.5,0.43,Pipe mill anomaly,AXGR,1.72,45.0,22.0,0.91
16.8522606,81.5726053,15.936,328.5,0.43,Pipe mill anomaly,CISL,1.72,12.0,18.0,0.91
16.8523239,81.5685831,16.802,205.0,0.0,Girth weld irregularity,,0.0,17.0,18.0,
16.8523239,81.5685811,16.801,24.5,0.0,Milling,,0.0,24.0,18.0,
16.8524017,81.5663753,17.293,155.0,0.43,Pipe mill anomaly,AXGR,1.72,47.0,20.0,0.91
16.8524039,81.5662372,17.269,76.5,0.43,Pipe mill anomaly,PITT,1.72,34.0,19.0,0.91
16.8524078,81.5639933,16.074,315.50000000000006,0.43,Pipe mill anomaly,AXGR,1.72,44.0,21.0,0.91
16.8523267,81.5550889,15.465,241.50000000000003,0.43,Pipe mill anomaly,PITT,1.72,28.0,18.0,0.91
16.8529158,81.5481606,15.277,150.99999999999997,0.43,Pipe mill anomaly,PITT,1.72,24.0,18.0,0.91
16.8529158,81.5481603,15.277,155.5,0.43,Pipe mill anomaly,PITT,1.72,34.0,18.0,0.91
16.8530536,81.5472544,15.04,182.50000000000003,0.43,Pipe mill anomaly,CISL,1.72,16.0,18.0,0.91
16.8530536,81.5472544,15.04,180.0,0.43,Pipe mill anomaly,CISL,1.72,17.0,18.0,0.91
16.853695,81.5423956,15.065,216.00000000000003,0.43,Pipe mill anomaly,PITT,1.72,39.0,34.0,0.91
16.8535219,81.539795,14.935,171.5,0.43,Pipe mill anomaly,PITT,1.72,31.0,19.0,0.91
16.8533603,81.5374233,15.236,68.49999999999999,0.5175,Pipe mill anomaly,PINH,2.07,20.0,18.0,0.91
16.8533483,81.5372783,15.201,316.0,0.0,Girth weld irregularity,,0.0,27.0,161.0,
16.8529883,81.5348325,14.902,321.0,0.43,Pipe mill anomaly,PITT,1.72,31.0,18.0,0.91
16.8527728,81.5334981,15.345,358.49999999999994,0.43,Pipe mill anomaly,PITT,1.72,23.0,18.0,0.91
16.8526942,81.5330036,15.344,97.0,0.43,Pipe mill anomaly,PITT,1.72,30.0,18.0,0.91
16.8526294,81.5325939,15.384,231.00000000000003,0.43,Pipe mill anomaly,PITT,1.72,33.0,18.0,0.91
16.8516869,81.5252553,14.613,167.0,0.43,Pipe mill anomaly,PITT,1.72,21.0,18.0,0.91
16.8516647,81.5250417,14.524,130.5,0.43,Pipe mill anomaly,AXGR,1.72,61.0,29.0,0.91
16.8507678,81.5169639,12.148,253.00000000000003,0.43,Pipe mill anomaly,PITT,1.72,25.0,19.0,0.91
16.8507047,81.5163719,11.905,123.49999999999997,0.43,Pipe mill anomaly,PITT,1.72,29.0,24.0,0.91
16.8503581,81.5133592,9.305,291.99999999999994,0.43,Pipe mill anomaly,PITT,1.72,34.0,20.0,0.91
16.8502792,81.51264,11.116,352.5,0.635,Corrosion,PINH,2.54,12.0,18.0,0.91
16.8502792,81.5126394,11.117,122.99999999999999,0.635,Corrosion,AXSL,2.54,31.0,18.0,0.91
16.8502792,81.5126392,11.117,138.5,0.635,Corrosion,AXSL,2.54,44.0,18.0,0.91
16.8502792,81.5126375,11.119,131.00000000000003,0.635,Corrosion,AXSL,2.54,39.0,18.0,0.91
16.8502761,81.5126111,11.141,165.5,0.635,Corrosion,PINH,2.54,16.0,18.0,0.91
16.8502761,81.5126094,11.142,120.99999999999999,0.635,Corrosion,PINH,2.54,18.0,18.0,0.91
16.8502758,81.5126078,11.143,309.00000000000006,0.635,Corrosion,PINH,2.54,12.0,18.0,0.91
16.8502756,81.5126056,11.145,122.99999999999999,0.635,Corrosion,CISL,2.54,17.0,32.0,0.91
16.8502756,81.5126053,11.145,50.5,0.635,Corrosion,PITT,2.54,30.0,45.0,0.91
16.8502756,81.5126044,11.146,125.00000000000001,0.635,Corrosion,PITT,2.54,34.0,30.0,0.91
16.8500958,81.5079775,11.063,305.50000000000006,0.43,Pipe mill anomaly,PITT,1.72,29.0,18.0,0.91
16.8505561,81.5026192,15.128,63.50000000000001,0.43,Pipe mill anomaly,AXGR,1.72,37.0,18.0,0.91
16.8506319,81.5015719,16.328,153.50000000000003,0.43,Pipe mill anomaly,PITT,1.72,30.0,18.0,0.91
16.8507764,81.4998008,16.537,195.0,0.43,Pipe mill anomaly,PITT,1.72,23.0,19.0,0.91
16.8508767,81.4985539,16.592,238.50000000000003,0.43,Pipe mill anomaly,PITT,1.72,38.0,24.0,0.91
16.8508997,81.4982558,16.901,190.0,0.5175,Pipe mill anomaly,AXGR,2.07,64.0,24.0,0.91
16.8514036,81.4921383,19.754,169.50000000000003,0.5175,Corrosion,AXSL,2.07,23.0,18.0,0.91
16.8514039,81.4921319,19.738,208.50000000000003,0.5175,Corrosion,PINH,2.07,19.0,18.0,0.91
16.8514039,81.4921308,19.735,210.5,0.5175,Corrosion,PINH,2.07,12.0,18.0,0.91
16.8500219,81.4895953,17.195,299.0,0.0,Girth weld irregularity,,0.0,23.0,18.0,
16.8490303,81.4878028,15.554,28.0,0.5175,Pipe mill anomaly,AXSL,2.07,36.0,20.0,0.91
16.8490297,81.4878019,15.554,30.5,0.5175,Pipe mill anomaly,PITT,2.07,54.0,33.0,0.91
16.8490011,81.4877492,15.512,167.99999999999997,0.5175,Pipe mill anomaly,AXSL,2.07,34.0,19.0,0.91
16.8489931,81.4877339,15.498,167.0,0.5175,Pipe mill anomaly,AXSL,2.07,34.0,18.0,0.91
16.8489903,81.4877289,15.493,166.49999999999997,0.5175,Pipe mill anomaly,AXSL,2.07,34.0,19.0,0.91
16.8489878,81.4877239,15.489,167.0,0.5175,Pipe mill anomaly,AXSL,2.07,32.0,19.0,0.91
16.8489797,81.4877089,15.475,167.0,0.5175,Pipe mill anomaly,AXSL,2.07,40.0,20.0,0.91
16.8478447,81.4856442,15.247,111.49999999999999,0.43,Pipe mill anomaly,PITT,1.72,22.0,18.0,0.91
16.8478017,81.4855667,15.245,55.00000000000001,0.43,Pipe mill anomaly,PITT,1.72,30.0,18.0,0.91
16.8476136,81.4852206,15.327,165.0,0.43,Pipe mill anomaly,PITT,1.72,27.0,18.0,0.91
16.8475792,81.4851572,15.283,304.5,0.43,Pipe mill anomaly,PITT,1.72,25.0,18.0,0.91
16.8471883,81.4844403,14.927,44.0,0.43,Pipe mill anomaly,PITT,1.72,29.0,18.0,0.91
16.8468603,81.4838361,14.688,346.5,0.43,Pipe mill anomaly,PITT,1.72,33.0,21.0,0.91
16.8460233,81.4822994,14.817,203.5,0.43,Pipe mill anomaly,AXGR,1.72,41.0,19.0,0.91
16.8455353,81.4814092,14.724,265.5,0.43,Pipe mill anomaly,CISL,1.72,13.0,18.0,0.91
16.8433272,81.4773883,14.132,111.99999999999999,0.43,Pipe mill anomaly,AXGR,1.72,45.0,21.0,0.91
16.8432186,81.4771889,14.195,123.49999999999997,0.43,Pipe mill anomaly,PITT,1.72,53.0,31.0,0.91
16.8430514,81.4768836,13.976,269.0,0.43,Pipe mill anomaly,PITT,1.72,61.0,33.0,0.91
16.8426656,81.4761919,13.408,289.99999999999994,0.5175,Pipe mill anomaly,AXGR,2.07,44.0,22.0,0.91
16.8421267,81.4752094,13.271,152.0,0.43,Pipe mill anomaly,PITT,1.72,30.0,21.0,0.91
16.8420186,81.4750142,13.25,127.00000000000001,0.43,Pipe mill anomaly,PITT,1.72,64.0,39.0,0.91
16.8389594,81.4694453,11.996,120.99999999999999,0.43,Pipe mill anomaly,AXGR,1.72,41.0,18.0,0.91
16.8387144,81.4690011,12.51,257.0,0.43,Pipe mill anomaly,PITT,1.72,19.0,18.0,0.91
16.8386294,81.4688464,12.447,327.5,0.43,Pipe mill anomaly,PITT,1.72,31.0,18.0,0.91
16.8386286,81.4688447,12.445,287.0,0.43,Pipe mill anomaly,PITT,1.72,33.0,18.0,0.91
16.8372586,81.4665231,10.953,288.5,0.43,Pipe mill anomaly,AXGR,1.72,73.0,29.0,0.91
16.8316203,81.4550167,8.772,179.5,0.43,Pipe mill anomaly,PITT,1.72,27.0,18.0,0.91
16.8299228,81.4514744,8.833,71.5,0.43,Pipe mill anomaly,PITT,1.72,34.0,18.0,0.91
16.8295042,81.4505419,9.063,206.00000000000003,0.43,Pipe mill anomaly,GENE,1.72,56.0,61.0,0.91
16.8289086,81.4492031,9.823,71.0,0.43,Pipe mill anomaly,PITT,1.72,29.0,18.0,0.91
16.8273497,81.4456997,9.894,34.0,0.43,Pipe mill anomaly,AXGR,1.72,41.0,18.0,0.91
16.8273467,81.4456928,9.893,221.5,0.43,Pipe mill anomaly,PITT,1.72,65.0,43.0,0.91
16.8270331,81.444995,9.265,348.5,0.5175,Corrosion,PITT,2.07,31.0,23.0,0.91
16.8270314,81.4449911,9.251,28.0,0.5175,Corrosion,PINH,2.07,12.0,18.0,0.91
16.8270311,81.4449906,9.249,28.5,0.5175,Corrosion,PINH,2.07,18.0,18.0,0.91
16.8270308,81.4449897,9.246,28.5,0.5175,Corrosion,PINH,2.07,17.0,18.0,0.91
16.82703,81.4449883,9.241,24.5,0.5175,Corrosion,PINH,2.07,19.0,18.0,0.91
16.82703,81.4449883,9.241,28.0,0.5175,Corrosion,PINH,2.07,13.0,18.0,0.91
16.8270297,81.4449878,9.238,24.5,0.5175,Corrosion,AXSL,2.07,29.0,18.0,0.91
16.8270289,81.4449864,9.232,344.0,0.5175,Corrosion,AXSL,2.07,30.0,18.0,0.91
16.8270289,81.4449861,9.231,29.500000000000004,0.5175,Corrosion,AXSL,2.07,42.0,19.0,0.91
16.8270286,81.4449858,9.229,344.0,0.5175,Corrosion,AXSL,2.07,24.0,18.0,0.91
16.8270283,81.4449853,9.227,31.500000000000007,0.5175,Corrosion,PINH,2.07,20.0,18.0,0.91
16.8270278,81.4449842,9.221,335.50000000000006,0.5175,Corrosion,PINH,2.07,19.0,18.0,0.91
16.8270275,81.4449836,9.219,335.50000000000006,0.5175,Corrosion,PINH,2.07,16.0,18.0,0.91
16.8270272,81.4449833,9.218,37.5,0.5175,Corrosion,AXSL,2.07,21.0,19.0,0.91
16.8270269,81.4449831,9.215,39.0,0.5175,Corrosion,PINH,2.07,15.0,18.0,0.91
16.8270269,81.4449828,9.215,335.50000000000006,0.5175,Corrosion,PINH,2.07,17.0,18.0,0.91
16.8270267,81.4449825,9.212,320.5,0.5175,Corrosion,AXSL,2.07,57.0,18.0,0.91
16.8270261,81.4449817,9.208,35.5,0.5175,Corrosion,AXSL,2.07,25.0,18.0,0.91
16.8270256,81.4449808,9.204,29.500000000000004,0.5175,Corrosion,PINH,2.07,18.0,20.0,0.91
16.8270253,81.4449803,9.201,42.50000000000001,0.5175,Corrosion,PINH,2.07,17.0,18.0,0.91
16.827025,81.44498,9.199,333.5,0.5175,Corrosion cluster,AXGR,2.07,82.0,40.0,0.92
16.8270244,81.4449794,9.196,41.0,0.5175,Corrosion,PITT,2.07,23.0,24.0,0.91
16.8270242,81.4449789,9.193,46.0,0.5175,Corrosion,PINH,2.07,13.0,18.0,0.91
16.8270239,81.4449786,9.19,336.50000000000006,0.5175,Corrosion,PINH,2.07,19.0,18.0,0.91
16.8270236,81.4449781,9.188,40.0,0.5175,Corrosion,AXSL,2.07,29.0,20.0,0.91
16.8270219,81.4449761,9.175,331.5,0.5175,Corrosion,PINH,2.07,20.0,18.0,0.91
16.8270217,81.4449758,9.173,332.0,0.5175,Corrosion,AXSL,2.07,29.0,18.0,0.91
16.8270214,81.4449753,9.17,42.50000000000001,0.5175,Corrosion,PITT,2.07,35.0,21.0,0.91
16.8270211,81.4449753,9.169,46.50000000000001,0.5175,Corrosion,PINH,2.07,17.0,18.0,0.91
16.8270206,81.4449744,9.164,328.0,0.5175,Corrosion,PINH,2.07,19.0,18.0,0.91
16.8270203,81.4449742,9.161,328.0,0.5175,Corrosion cluster,PITT,2.07,38.0,52.0,0.91
16.8270197,81.4449736,9.157,47.5,0.5175,Corrosion,PINH,2.07,16.0,18.0,0.91
16.8270192,81.4449731,9.153,46.0,0.5175,Corrosion,AXSL,2.07,25.0,19.0,0.91
16.8270175,81.4449711,9.14,331.5,0.5175,Corrosion,PINH,2.07,16.0,18.0,0.91
16.8270175,81.4449711,9.14,47.5,0.5175,Corrosion,PINH,2.07,18.0,18.0,0.91
16.8270156,81.4449694,9.124,43.0,0.5175,Corrosion,AXSL,2.07,22.0,18.0,0.91
16.8270144,81.4449683,9.115,40.0,0.5175,Corrosion cluster,AXGR,2.07,59.0,28.0,0.91
16.8270144,81.4449681,9.114,328.5,0.5175,Corrosion,AXSL,2.07,27.0,18.0,0.91
16.8270139,81.4449678,9.11,44.5,0.5175,Corrosion,PINH,2.07,18.0,18.0,0.91
16.8270114,81.4449656,9.091,48.00000000000001,0.5175,Corrosion,AXSL,2.07,25.0,20.0,0.91
16.8270108,81.444965,9.085,44.0,0.5175,Corrosion,PINH,2.07,13.0,18.0,0.91
16.8270075,81.4449628,9.059,44.5,0.5175,Corrosion,AXSL,2.07,22.0,18.0,0.91
16.8270061,81.4449617,9.047,46.0,0.5175,Corrosion,PINH,2.07,13.0,18.0,0.91
16.827005,81.4449611,9.038,48.5,0.5175,Corrosion,AXSL,2.07,35.0,20.0,0.91
16.8270039,81.4449603,9.029,324.0,0.5175,Corrosion,PINH,2.07,18.0,18.0,0.91
16.8270011,81.4449589,9.008,318.0,0.5175,Corrosion,AXSL,2.07,34.0,18.0,0.91
16.8270011,81.4449586,9.006,329.5,0.5175,Corrosion,AXSL,2.07,36.0,18.0,0.91
16.8270008,81.4449586,9.004,45.0,0.5175,Corrosion,PITT,2.07,53.0,28.0,0.91
16.8270003,81.4449583,9.001,325.0,0.5175,Corrosion,AXSL,2.07,38.0,18.0,0.91
16.8269997,81.4449581,8.996,40.5,0.5175,Corrosion,PINH,2.07,16.0,18.0,0.91
16.8269992,81.4449575,8.991,44.5,0.5175,Corrosion,AXSL,2.07,28.0,18.0,0.91
16.8269969,81.4449567,8.974,40.5,0.5175,Corrosion,PINH,2.07,13.0,18.0,0.91
16.8269964,81.4449564,8.97,50.5,0.5175,Corrosion,AXSL,2.07,25.0,18.0,0.91
16.8269953,81.4449558,8.961,41.0,0.5175,Corrosion,PINH,2.07,13.0,18.0,0.91
16.8269922,81.4449547,8.939,329.5,0.5175,Corrosion,AXSL,2.07,26.0,18.0,0.91
16.8269914,81.4449544,8.932,321.0,0.5175,Corrosion,AXSL,2.07,21.0,18.0,0.91
16.8269914,81.4449544,8.932,43.5,0.5175,Corrosion,AXSL,2.07,27.0,18.0,0.91
16.8269903,81.4449539,8.923,48.00000000000001,0.5175,Corrosion,AXSL,2.07,35.0,18.0,0.91
16.8269897,81.4449536,8.918,48.00000000000001,0.5175,Corrosion,PINH,2.07,13.0,18.0,0.91
16.8269886,81.4449533,8.911,44.5,0.5175,Corrosion,AXSL,2.07,33.0,20.0,0.91
16.8269881,81.4449533,8.906,44.5,0.5175,Corrosion,PINH,2.07,20.0,20.0,0.91
16.8269869,81.4449528,8.897,43.5,0.5175,Corrosion,PINH,2.07,18.0,18.0,0.91
16.8269867,81.4449528,8.897,334.0,0.5175,Corrosion,AXSL,2.07,27.0,18.0,0.91
16.8269847,81.4449522,8.882,55.49999999999999,0.5175,Corrosion,AXSL,2.07,22.0,18.0,0.91
16.8269842,81.4449522,8.877,331.0,0.5175,Corrosion,AXSL,2.07,29.0,18.0,0.91
16.8269828,81.4449519,8.868,58.5,0.5175,Corrosion,PINH,2.07,17.0,18.0,0.91
16.8269828,81.4449519,8.868,38.5,0.5175,Corrosion,PINH,2.07,15.0,18.0,0.91
16.8269822,81.4449517,8.862,56.5,0.5175,Corrosion,AXSL,2.07,33.0,19.0,0.91
16.8269819,81.4449517,8.86,333.0,0.5175,Corrosion,AXSL,2.07,23.0,18.0,0.91
16.8269814,81.4449514,8.857,336.99999999999994,0.5175,Corrosion,PINH,2.07,14.0,18.0,0.91
16.8269814,81.4449514,8.856,333.5,0.5175,Corrosion,PINH,2.07,17.0,18.0,0.91
16.8269797,81.4449511,8.846,48.99999999999999,0.5175,Corrosion,PINH,2.07,13.0,18.0,0.91
16.8269792,81.4449511,8.84,49.49999999999999,0.5175,Corrosion,PINH,2.07,15.0,18.0,0.91
16.8269769,81.4449508,8.824,38.0,0.5175,Corrosion,PINH,2.07,20.0,18.0,0.91
16.8269758,81.4449506,8.817,37.5,0.5175,Corrosion,PINH,2.07,15.0,18.0,0.91
16.8269753,81.4449506,8.813,52.50000000000001,0.5175,Corrosion,PINH,2.07,13.0,18.0,0.91
16.8269747,81.4449506,8.808,332.50000000000006,0.5175,Corrosion,PINH,2.07,15.0,19.0,0.91
16.8269742,81.4449506,8.803,329.5,0.5175,Corrosion,PINH,2.07,16.0,18.0,0.91
16.8269733,81.4449506,8.798,349.0,0.5175,Corrosion,PINH,2.07,13.0,18.0,0.91
16.8269733,81.4449506,8.797,340.00000000000006,0.5175,Corrosion,AXSL,2.07,25.0,18.0,0.91
16.8269711,81.4449503,8.781,37.5,0.5175,Corrosion,PINH,2.07,12.0,18.0,0.91
16.8269706,81.4449503,8.775,349.0,0.5175,Corrosion,CISL,2.07,14.0,23.0,0.91
16.8269703,81.4449503,8.774,26.999999999999996,0.5175,Corrosion,AXSL,2.07,51.0,18.0,0.91
16.8269694,81.4449503,8.767,34.5,0.5175,Corrosion,PINH,2.07,16.0,18.0,0.91
16.8269692,81.4449503,8.766,345.5,0.5175,Corrosion,PINH,2.07,12.0,18.0,0.91
16.8269692,81.4449503,8.766,340.00000000000006,0.5175,Corrosion,PINH,2.07,13.0,18.0,0.91
16.8269689,81.4449503,8.763,344.5,0.5175,Corrosion,PINH,2.07,13.0,18.0,0.91
16.8269675,81.4449503,8.752,21.5,0.5175,Corrosion,PINH,2.07,13.0,18.0,0.91
16.8269661,81.4449503,8.741,38.5,0.5175,Corrosion,PINH,2.07,12.0,18.0,0.91
16.8269658,81.4449503,8.74,348.5,0.5175,Corrosion,PINH,2.07,13.0,18.0,0.91
16.8269653,81.4449503,8.736,348.5,0.5175,Corrosion,PINH,2.07,15.0,18.0,0.91
16.8269611,81.4449506,8.702,33.5,0.5175,Corrosion,PITT,2.07,48.0,28.0,0.91
16.8226703,81.4450519,4.245,202.5,0.43,Pipe mill anomaly,PITT,1.72,32.0,18.0,0.91
16.8222686,81.4450739,8.517,216.00000000000003,0.5175,Corrosion,AXSL,2.07,36.0,20.0,0.91
16.8222525,81.4450683,8.548,241.99999999999997,0.5175,Corrosion cluster,PITT,2.07,39.0,49.0,0.91
16.8222428,81.4450625,8.569,256.0,0.5175,Corrosion,AXSL,2.07,22.0,18.0,0.91
16.8212194,81.4433525,9.069,245.5,0.43,Pipe mill anomaly,PITT,1.72,28.0,18.0,0.91
16.8202664,81.4417308,8.145,33.5,0.43,Pipe mill anomaly,PITT,1.72,47.0,24.0,0.91
16.8192828,81.4400928,8.103,4.499999999999998,0.473,Girth weld anomaly,PITT,1.892,47.0,44.0,
16.8183378,81.4384975,7.149,102.49999999999999,0.43,Pipe mill anomaly,PITT,1.72,47.0,30.0,0.91
16.8183306,81.4384856,7.133,147.00000000000003,0.43,Pipe mill anomaly,PITT,1.72,43.0,25.0,0.91
16.8175292,81.4371417,6.822,236.00000000000003,0.43,Pipe mill anomaly,AXGR,1.72,51.0,21.0,0.91
16.8175222,81.4371297,6.806,14.999999999999998,0.43,Pipe mill anomaly,PITT,1.72,34.0,19.0,0.91
16.8175106,81.4371106,6.774,132.0,0.43,Pipe mill anomaly,PITT,1.72,33.0,20.0,0.91
16.8162428,81.4349697,5.788,335.50000000000006,0.43,Pipe mill anomaly,AXGR,1.72,38.0,18.0,0.91
16.8160925,81.4347192,5.596,23.0,0.43,Pipe mill anomaly,PITT,1.72,24.0,18.0,0.91
16.8145125,81.4320372,5.692,190.0,0.43,Pipe mill anomaly,PITT,1.72,20.0,18.0,0.91
16.8138425,81.4309278,5.891,1.999999999999995,0.43,Pipe mill anomaly,PITT,1.72,32.0,18.0,0.91
16.8135397,81.4304017,5.743,297.0,0.43,Pipe mill anomaly,PITT,1.72,40.0,21.0,0.91
16.8134822,81.4303011,5.763,42.50000000000001,0.43,Pipe mill anomaly,AXGR,1.72,37.0,18.0,0.91
16.8123697,81.4284353,5.06,102.0,0.43,Pipe mill anomaly,PITT,1.72,25.0,20.0,0.91
16.8118831,81.4275992,5.127,114.00000000000001,0.43,Pipe mill anomaly,AXGR,1.72,39.0,18.0,0.91
16.8106736,81.4255792,3.824,29.999999999999996,0.56925,Longitudinal weld anomaly,,2.277,65.0,32.0,
16.8100436,81.4235842,4.473,296.00000000000006,0.43,Pipe mill anomaly,PITT,1.72,43.0,24.0,0.91
16.8087133,81.4169247,4.513,125.00000000000001,0.43,Pipe mill anomaly,PITT,1.72,49.0,33.0,0.91
16.80871,81.4169094,4.514,109.49999999999997,0.43,Pipe mill anomaly,PITT,1.72,30.0,18.0,0.91
16.8086403,81.4165706,4.525,84.49999999999999,0.43,Pipe mill anomaly,PITT,1.72,35.0,19.0,0.91
16.8084761,81.4157372,4.166,91.00000000000001,0.43,Pipe mill anomaly,AXGR,1.72,72.0,18.0,0.91
16.8079397,81.4129953,3.959,200.5,0.43,Pipe mill anomaly,PITT,1.72,30.0,18.0,0.91
16.8072264,81.4096553,2.624,240.99999999999997,0.0,Milling,,0.0,14.0,18.0,
16.8071678,81.4093697,2.214,26.5,0.5175,Pipe mill anomaly,AXSL,2.07,21.0,18.0,0.91
16.8067103,81.4069447,4.731,243.0,0.43,Pipe mill anomaly,PITT,1.72,21.0,18.0,0.91
16.8064769,81.4058281,4.988,28.0,0.43,Pipe mill anomaly,PITT,1.72,31.0,18.0,0.91
16.8063558,81.4052136,5.114,322.0,0.43,Pipe mill anomaly,PITT,1.72,32.0,18.0,0.91
16.8060467,81.40368,4.794,227.50000000000003,0.43,Pipe mill anomaly,PITT,1.72,25.0,18.0,0.91
16.805885,81.4028683,4.79,238.50000000000003,0.43,Pipe mill anomaly,AXGR,1.72,42.0,18.0,0.91
16.8056506,81.4016786,4.933,257.0,0.43,Pipe mill anomaly,PITT,1.72,32.0,20.0,0.91
16.8054408,81.4006367,4.647,134.0,0.43,Pipe mill anomaly,PITT,1.72,37.0,24.0,0.91
16.8050539,81.3987028,5.368,29.500000000000004,0.43,Pipe mill anomaly,CISL,1.72,12.0,18.0,0.91
16.8050019,81.3984353,5.351,61.0,0.43,Pipe mill anomaly,AXGR,1.72,37.0,18.0,0.91
16.8048392,81.3976317,4.962,206.5,0.43,Pipe mill anomaly,PITT,1.72,30.0,19.0,0.91
16.8048142,81.3975086,4.87,62.000000000000014,0.43,Pipe mill anomaly,AXGR,1.72,37.0,18.0,0.91
16.8037839,81.3923944,4.925,283.0,0.43,Pipe mill anomaly,PITT,1.72,33.0,19.0,0.91
16.8035556,81.391265,4.825,358.49999999999994,0.43,Pipe mill anomaly,AXGR,1.72,45.0,22.0,0.91
16.8035542,81.3912581,4.829,204.5,0.43,Pipe mill anomaly,AXGR,1.72,36.0,18.0,0.91
16.8031372,81.3892189,5.144,17.0,0.43,Pipe mill anomaly,PITT,1.72,32.0,19.0,0.91
16.8029717,81.3883825,4.83,40.0,0.43,Pipe mill anomaly,PITT,1.72,33.0,18.0,0.91
16.8026733,81.3869061,5.368,20.499999999999996,0.43,Pipe mill anomaly,PITT,1.72,25.0,21.0,0.91
16.8024267,81.3856661,5.531,52.50000000000001,0.43,Pipe mill anomaly,PITT,1.72,28.0,19.0,0.91
16.8024025,81.3855503,5.495,256.5,0.43,Pipe mill anomaly,PITT,1.72,31.0,21.0,0.91
16.8023958,81.3855189,5.481,240.50000000000006,0.43,Pipe mill anomaly,PITT,1.72,34.0,21.0,0.91
16.8022675,81.3848797,5.192,110.0,0.43,Pipe mill anomaly,CISL,1.72,12.0,18.0,0.91
16.8017497,81.3822475,5.842,296.50000000000006,0.43,Pipe mill anomaly,AXGR,1.72,57.0,19.0,0.91
16.8009522,81.3782433,5.132,288.5,0.43,Pipe mill anomaly,PITT,1.72,32.0,18.0,0.91
16.8008536,81.3777472,5.055,354.5,0.43,Pipe mill anomaly,PITT,1.72,32.0,25.0,0.91
16.8004089,81.3755556,4.543,155.5,0.43,Pipe mill anomaly,AXGR,1.72,54.0,27.0,0.91
16.7991464,81.3693464,5.691,217.0,0.43,Pipe mill anomaly,PITT,1.72,32.0,25.0,0.91
16.7987839,81.3675419,6.349,343.5,0.43,Pipe mill anomaly,PITT,1.72,34.0,18.0,0.91
16.7981256,81.3642953,5.708,0.0,0.43,Pipe mill anomaly,PITT,1.72,35.0,19.0,0.91
16.7975022,81.36121,5.042,340.00000000000006,0.43,Pipe mill anomaly,AXGR,1.72,58.0,22.0,0.91
16.7957311,81.3524042,4.705,3.4999999999999982,0.43,Pipe mill anomaly,CISL,1.72,12.0,18.0,0.91
16.7956694,81.3520947,4.662,41.99999999999999,0.43,Pipe mill anomaly,AXGR,1.72,58.0,21.0,0.91
16.7951447,81.3494817,3.998,189.0,0.43,Pipe mill anomaly,AXGR,1.72,57.0,18.0,0.91
16.7947972,81.3478331,4.491,138.5,0.43,Pipe mill anomaly,PITT,1.72,31.0,19.0,0.91
16.7946744,81.3472253,4.804,281.0,0.43,Pipe mill anomaly,PITT,1.72,41.0,27.0,0.91
16.7943911,81.3458642,4.407,336.50000000000006,0.43,Pipe mill anomaly,PITT,1.72,34.0,22.0,0.91
16.7943872,81.3458456,4.402,224.5,0.43,Pipe mill anomaly,PITT,1.72,28.0,18.0,0.91
16.7943381,81.3456097,4.433,175.5,0.43,Pipe mill anomaly,PITT,1.72,24.0,18.0,0.91
16.7943381,81.3456092,4.433,165.0,0.43,Pipe mill anomaly,PITT,1.72,19.0,18.0,0.91
16.7931483,81.3397444,4.28,217.99999999999997,0.43,Pipe mill anomaly,PITT,1.72,33.0,23.0,0.91
16.7931397,81.3396997,4.257,80.0,0.43,Pipe mill anomaly,PITT,1.72,72.0,41.0,0.91
16.7930597,81.3392756,4.024,208.50000000000003,0.43,Pipe mill anomaly,PITT,1.72,31.0,20.0,0.91
16.7915372,81.3316261,5.1,57.00000000000001,0.43,Pipe mill anomaly,PITT,1.72,21.0,18.0,0.91
16.7914842,81.3313469,5.376,104.5,0.43,Pipe mill anomaly,PITT,1.72,18.0,18.0,0.91
16.7907031,81.3274675,3.53,352.0,0.43,Pipe mill anomaly,PITT,1.72,18.0,18.0,0.91
16.7901756,81.3249914,4.664,0.0,0.43,Pipe mill anomaly,AXGR,1.72,49.0,22.0,0.91
16.7901008,81.3247847,4.435,147.00000000000003,0.43,Pipe mill anomaly,AXGR,1.72,38.0,19.0,0.91
16.7900858,81.3247436,4.374,240.99999999999997,0.43,Pipe mill anomaly,PITT,1.72,23.0,18.0,0.91
16.7898089,81.323975,4.424,54.00000000000001,0.43,Corrosion,AXGR,1.72,67.0,20.0,0.91
16.7879803,81.3175225,3.754,166.49999999999997,0.43,Pipe mill anomaly,PITT,1.72,52.0,31.0,0.91
16.7877469,81.3161511,3.69,71.5,0.43,Pipe mill anomaly,PITT,1.72,23.0,18.0,0.91
16.7867739,81.3105622,3.296,230.5,0.43,Pipe mill anomaly,PITT,1.72,39.0,20.0,0.91
16.7840883,81.2950069,1.47,18.499999999999996,0.43,Pipe mill anomaly,PITT,1.72,21.0,22.0,0.91
16.7840858,81.2949925,1.466,45.0,0.43,Pipe mill anomaly,PITT,1.72,27.0,19.0,0.91
16.7840458,81.2947758,1.492,138.0,0.43,Pipe mill anomaly,PITT,1.72,22.0,18.0,0.91
16.783585,81.2920333,2.122,141.0,0.43,Pipe mill anomaly,AXGR,1.72,38.0,18.0,0.91
16.7821811,81.2838831,1.229,185.00000000000003,0.43,Pipe mill anomaly,PITT,1.72,52.0,28.0,0.91
16.7821808,81.2838819,1.229,185.00000000000003,0.43,Pipe mill anomaly,PITT,1.72,49.0,28.0,0.91
16.78206,81.2831603,1.356,8.000000000000055,0.43,Pipe mill anomaly,AXGR,1.72,39.0,18.0,0.91
16.7818489,81.281975,1.814,84.49999999999999,0.43,Pipe mill anomaly,PITT,1.72,42.0,26.0,0.91
16.7788836,81.2650528,0.702,304.5,0.5175,Pipe mill anomaly,AXSL,2.07,28.0,19.0,0.91
16.7771131,81.2574114,2.431,83.0,0.731,Pipe mill anomaly,CIGR,2.924,27.0,54.0,0.91
16.77619,81.2546017,2.227,200.5,0.43,Pipe mill anomaly,PITT,1.72,53.0,28.0,0.91
16.7755536,81.2526353,2.567,14.499999999999945,0.43,Pipe mill anomaly,PITT,1.72,32.0,19.0,0.91
16.7750878,81.2512128,2.795,129.0,0.602,Pipe mill anomaly,PITT,2.408,80.0,45.0,0.92
16.7737267,81.2470611,2.746,73.50000000000001,0.43,Pipe mill anomaly,AXGR,1.72,43.0,20.0,0.91
16.7724494,81.2431719,3.31,259.5,0.43,Pipe mill anomaly,CISL,1.72,12.0,18.0,0.91
16.7723667,81.2429289,3.522,28.0,0.43,Pipe mill anomaly,PITT,1.72,28.0,19.0,0.91
16.7714647,81.2390442,4.261,129.0,0.0,Girth weld irregularity,,0.0,20.0,54.0,
16.77146,81.2387553,4.251,28.0,0.635,Pipe mill anomaly,PINH,2.54,20.0,18.0,0.91
16.7714247,81.2369117,6.543,136.0,0.635,Corrosion,AXSL,2.54,34.0,18.0,0.91
16.7714247,81.2369097,6.544,137.0,0.635,Corrosion,PINH,2.54,19.0,20.0,0.91
16.7714244,81.2369067,6.547,311.5,0.635,Corrosion,PINH,2.54,16.0,18.0,0.91
16.7714244,81.2369064,6.547,48.99999999999999,0.635,Corrosion,AXSL,2.54,33.0,18.0,0.91
16.7714244,81.236905,6.548,26.0,0.635,Corrosion,PINH,2.54,15.0,18.0,0.91
16.7714244,81.2369047,6.548,57.5,0.635,Corrosion,PINH,2.54,16.0,18.0,0.91
16.7714244,81.2369047,6.548,310.5,0.635,Corrosion,AXSL,2.54,46.0,21.0,0.91
16.7714244,81.2369039,6.549,311.0,0.635,Corrosion,PINH,2.54,20.0,18.0,0.91
16.7714244,81.2369017,6.55,117.5,0.635,Corrosion,PINH,2.54,13.0,18.0,0.91
16.7714242,81.2368764,6.563,51.50000000000001,0.635,Corrosion,AXSL,2.54,30.0,18.0,0.91
16.7714242,81.2368764,6.563,44.5,0.635,Corrosion,PINH,2.54,17.0,18.0,0.91
16.7714242,81.2368758,6.563,48.99999999999999,0.635,Corrosion,AXSL,2.54,35.0,19.0,0.91
16.7714242,81.2368731,6.563,53.0,0.635,Corrosion,PINH,2.54,12.0,18.0,0.91
16.7714242,81.2368728,6.563,248.00000000000006,0.635,Corrosion,PINH,2.54,15.0,18.0,0.91
16.7714242,81.2368725,6.563,139.5,0.635,Corrosion,PINH,2.54,14.0,18.0,0.91
16.7714242,81.2368725,6.563,349.0,0.635,Corrosion,PINH,2.54,19.0,18.0,0.91
16.7714242,81.2368725,6.563,154.00000000000003,0.635,Corrosion,PINH,2.54,20.0,18.0,0.91
16.7714239,81.2368636,6.564,4.499999999999998,0.635,Corrosion,PINH,2.54,14.0,18.0,0.91
16.7713256,81.2306867,4.703,261.5,0.0,Girth weld irregularity,,0.0,23.0,54.0,
16.7711731,81.2217861,7.279,163.0,0.43,Pipe mill anomaly,PITT,1.72,36.0,19.0,0.91
16.7711539,81.2208247,6.835,239.0,0.43,Pipe mill anomaly,AXGR,1.72,49.0,19.0,0.91
16.7711153,81.2188964,7.478,143.0,0.43,Pipe mill anomaly,PITT,1.72,37.0,22.0,0.91
16.7711139,81.2187194,7.666,336.50000000000006,0.43,Pipe mill anomaly,PITT,1.72,22.0,18.0,0.91
16.7711114,81.2185033,7.711,339.00000000000006,0.43,Pipe mill anomaly,AXGR,1.72,38.0,18.0,0.91
16.7710403,81.2166278,8.143,135.0,0.43,Pipe mill anomaly,PITT,1.72,48.0,30.0,0.91
16.7710308,81.2163942,7.598,241.99999999999997,0.43,Pipe mill anomaly,PITT,1.72,38.0,20.0,0.91
16.77265,81.2138164,9.119,70.0,0.43,Pipe mill anomaly,PITT,1.72,42.0,28.0,0.91
16.7725167,81.2104564,9.067,49.49999999999999,0.43,Pipe mill anomaly,PITT,1.72,44.0,26.0,0.91
16.7723442,81.2060117,9.649,133.0,0.43,Pipe mill anomaly,PITT,1.72,30.0,19.0,0.91
16.7723425,81.2059603,9.652,336.99999999999994,0.43,Pipe mill anomaly,PITT,1.72,19.0,18.0,0.91
16.7721831,81.2020758,10.664,254.5,0.43,Pipe mill anomaly,PITT,1.72,43.0,27.0,0.91
16.7718636,81.1932417,12.239,237.49999999999997,0.43,Pipe mill anomaly,AXGR,1.72,56.0,19.0,0.91
16.771935,81.1921497,11.13,140.5,0.43,Pipe mill anomaly,CISL,1.72,12.0,18.0,0.91
16.7719494,81.1918775,12.108,234.0,0.43,Pipe mill anomaly,PITT,1.72,22.0,18.0,0.91
16.7720669,81.1899508,12.458,132.49999999999997,0.43,Pipe mill anomaly,PITT,1.72,24.0,18.0,0.91
16.7720878,81.1894831,12.975,31.500000000000007,0.43,Pipe mill anomaly,AXGR,1.72,61.0,18.0,0.91
16.7721581,81.1761778,14.963,105.0,0.43,Pipe mill anomaly,AXGR,1.72,60.0,30.0,0.91
16.7702161,81.1711119,14.144,213.0,0.43,Pipe mill anomaly,PITT,1.72,19.0,19.0,0.91
16.7691614,81.168355,13.74,49.49999999999999,0.43,Pipe mill anomaly,PITT,1.72,35.0,22.0,0.91
16.7691289,81.1682722,13.604,191.0,0.43,Pipe mill anomaly,PITT,1.72,32.0,19.0,0.91
16.7681472,81.1654753,13.996,326.5,0.5175,Pipe mill anomaly,AXSL,2.07,25.0,18.0,0.91
16.7680969,81.1652622,14.171,308.0,0.5175,Pipe mill anomaly,AXSL,2.07,31.0,18.0,0.91
16.7685478,81.1616089,15.154,209.00000000000003,0.5175,Corrosion,AXSL,2.07,31.0,18.0,0.91
16.7685483,81.1616081,15.154,211.0,0.5175,Corrosion,PINH,2.07,20.0,18.0,0.91
16.7685486,81.1616075,15.153,155.5,0.5175,Corrosion,PINH,2.07,16.0,18.0,0.91
16.7685489,81.1616072,15.153,212.0,0.5175,Corrosion,PINH,2.07,13.0,18.0,0.91
16.7685497,81.1616061,15.152,218.99999999999997,0.5175,Corrosion,PINH,2.07,17.0,18.0,0.91
16.7685506,81.1616047,15.151,152.0,0.5175,Corrosion,PINH,2.07,19.0,18.0,0.91
16.7685506,81.1616047,15.151,231.00000000000003,0.5175,Corrosion,AXSL,2.07,30.0,18.0,0.91
16.7685508,81.1616044,15.15,213.0,0.5175,Corrosion,PINH,2.07,15.0,18.0,0.91
16.7685511,81.1616039,15.15,213.0,0.5175,Corrosion,PINH,2.07,18.0,18.0,0.91
16.7685514,81.1616031,15.149,149.0,0.5175,Corrosion,AXSL,2.07,26.0,18.0,0.91
16.7685517,81.1616028,15.149,212.0,0.5175,Corrosion,PINH,2.07,18.0,18.0,0.91
16.7685522,81.1616017,15.148,153.50000000000003,0.5175,Corrosion,PINH,2.07,20.0,18.0,0.91
16.7685522,81.1616014,15.148,149.5,0.5175,Corrosion,PINH,2.07,19.0,18.0,0.91
16.7685528,81.1616011,15.148,154.00000000000003,0.5175,Corrosion,PINH,2.07,15.0,18.0,0.91
16.7685528,81.1616006,15.147,118.00000000000001,0.5175,Corrosion,PINH,2.07,15.0,18.0,0.91
16.7685533,81.1616,15.147,155.0,0.5175,Corrosion,AXSL,2.07,27.0,20.0,0.91
16.7685533,81.1615997,15.147,150.0,0.5175,Corrosion,PINH,2.07,14.0,18.0,0.91
16.7685536,81.1615994,15.147,155.5,0.5175,Corrosion,AXSL,2.07,25.0,18.0,0.91
16.7685536,81.1615994,15.147,150.5,0.5175,Corrosion,AXSL,2.07,21.0,18.0,0.91
16.7685539,81.1615989,15.146,150.99999999999997,0.5175,Corrosion,AXSL,2.07,24.0,19.0,0.91
16.7685542,81.1615983,15.146,214.50000000000003,0.5175,Corrosion,AXSL,2.07,32.0,20.0,0.91
16.7685544,81.1615978,15.146,244.0,0.5175,Corrosion,AXSL,2.07,25.0,18.0,0.91
16.768555,81.1615964,15.145,237.00000000000003,0.5175,Corrosion,AXSL,2.07,23.0,18.0,0.91
16.7685561,81.1615939,15.145,219.49999999999997,0.5175,Corrosion,PINH,2.07,20.0,18.0,0.91
16.7685561,81.1615936,15.145,215.0,0.5175,Corrosion cluster,AXSL,2.07,49.0,19.0,0.91
16.7685564,81.1615931,15.145,220.0,0.5175,Corrosion,PINH,2.07,18.0,18.0,0.91
16.7685572,81.1615914,15.145,215.0,0.5175,Corrosion,PINH,2.07,14.0,18.0,0.91
16.7685572,81.1615911,15.145,143.5,0.5175,Corrosion,AXSL,2.07,25.0,18.0,0.91
16.7685572,81.1615911,15.145,120.99999999999999,0.5175,Corrosion,PINH,2.07,20.0,18.0,0.91
16.7685572,81.1615908,15.145,214.50000000000003,0.5175,Corrosion,AXSL,2.07,22.0,18.0,0.91
16.7685578,81.1615894,15.146,150.5,0.5175,Corrosion,AXSL,2.07,46.0,18.0,0.91
16.7685581,81.1615883,15.146,216.5,0.5175,Corrosion,PINH,2.07,15.0,18.0,0.91
16.7685583,81.1615881,15.146,223.99999999999997,0.5175,Corrosion,AXSL,2.07,22.0,18.0,0.91
16.7685586,81.1615864,15.147,217.5,0.5175,Corrosion,AXSL,2.07,22.0,18.0,0.91
16.7685592,81.1615853,15.147,155.0,0.5175,Corrosion,PINH,2.07,12.0,18.0,0.91
16.7685594,81.1615842,15.148,153.50000000000003,0.5175,Corrosion,PINH,2.07,16.0,18.0,0.91
16.7685594,81.1615836,15.148,153.50000000000003,0.5175,Corrosion,PINH,2.07,14.0,18.0,0.91
16.7685597,81.1615833,15.148,154.5,0.5175,Corrosion,AXSL,2.07,40.0,18.0,0.91
16.7685597,81.1615831,15.148,132.0,0.5175,Corrosion,PINH,2.07,16.0,18.0,0.91
16.7685597,81.1615831,15.148,150.0,0.5175,Corrosion,PINH,2.07,20.0,18.0,0.91
16.7685597,81.1615825,15.149,157.5,0.5175,Corrosion,AXSL,2.07,33.0,18.0,0.91
16.76856,81.1615817,15.149,152.0,0.5175,Corrosion,AXSL,2.07,21.0,18.0,0.91
16.76856,81.1615817,15.149,156.0,0.5175,Corrosion,PINH,2.07,20.0,18.0,0.91
16.7685606,81.1615781,15.152,226.50000000000003,0.5175,Corrosion,PINH,2.07,12.0,18.0,0.91
16.7685608,81.1615772,15.153,134.0,0.5175,Corrosion,AXSL,2.07,23.0,19.0,0.91
16.7685614,81.1615733,15.158,150.99999999999997,0.5175,Corrosion,PINH,2.07,16.0,18.0,0.91
16.7685614,81.1615733,15.158,159.50000000000003,0.5175,Corrosion,AXSL,2.07,26.0,18.0,0.91
16.7685614,81.1615733,15.158,155.5,0.5175,Corrosion,PINH,2.07,20.0,18.0,0.91
16.7685614,81.1615731,15.159,150.5,0.5175,Corrosion,PINH,2.07,19.0,18.0,0.91
16.7685614,81.1615731,15.159,154.5,0.5175,Corrosion,AXSL,2.07,24.0,18.0,0.91
16.7685614,81.1615719,15.161,146.00000000000003,0.5175,Corrosion,PINH,2.07,20.0,18.0,0.91
16.7685617,81.1615717,15.161,136.5,0.5175,Corrosion,AXSL,2.07,55.0,18.0,0.91
16.7685617,81.1615714,15.161,218.99999999999997,0.5175,Corrosion,AXSL,2.07,22.0,18.0,0.91
16.7685617,81.1615706,15.163,153.0,0.5175,Corrosion,PINH,2.07,20.0,18.0,0.91
16.7685617,81.1615692,15.165,136.5,0.5175,Corrosion,AXSL,2.07,26.0,18.0,0.91
16.7685617,81.1615689,15.166,141.0,0.5175,Corrosion,AXSL,2.07,22.0,18.0,0.91
16.7685617,81.1615675,15.168,158.0,0.5175,Corrosion,AXSL,2.07,49.0,19.0,0.91
16.7685619,81.1615656,15.172,208.00000000000003,0.5175,Corrosion,PINH,2.07,18.0,18.0,0.91
16.7685619,81.1615647,15.174,212.0,0.5175,Corrosion,PINH,2.07,15.0,18.0,0.91
16.7685619,81.1615639,15.176,162.0,0.5175,Corrosion,PINH,2.07,14.0,18.0,0.91
16.7685619,81.1615639,15.176,144.0,0.5175,Corrosion,AXSL,2.07,23.0,18.0,0.91
16.7685619,81.1615633,15.178,221.5,0.5175,Corrosion,PINH,2.07,15.0,18.0,0.91
16.7685617,81.1615611,15.183,146.49999999999994,0.5175,Corrosion,PINH,2.07,13.0,18.0,0.91
16.7685617,81.1615592,15.188,160.0,0.5175,Corrosion,PINH,2.07,14.0,18.0,0.91
16.7685614,81.1615578,15.192,223.50000000000003,0.5175,Corrosion,PINH,2.07,12.0,19.0,0.91
16.7685611,81.1615556,15.198,206.5,0.5175,Corrosion,PINH,2.07,12.0,18.0,0.91
16.7685611,81.161555,15.199,217.5,0.5175,Corrosion,PINH,2.07,17.0,18.0,0.91
16.7685608,81.1615536,15.204,203.5,0.5175,Corrosion,PINH,2.07,12.0,18.0,0.91
16.7685608,81.1615528,15.206,164.5,0.5175,Corrosion,PINH,2.07,13.0,18.0,0.91
16.7685606,81.1615514,15.21,167.0,0.5175,Corrosion,AXSL,2.07,27.0,18.0,0.91
16.7685606,81.1615511,15.211,153.0,0.5175,Corrosion,PINH,2.07,17.0,18.0,0.91
16.7685606,81.1615508,15.211,204.5,0.5175,Corrosion,PINH,2.07,12.0,18.0,0.91
16.7685603,81.16155,15.213,173.0,0.5175,Corrosion,PINH,2.07,16.0,18.0,0.91
16.7685594,81.1615453,15.226,215.0,0.5175,Corrosion,PINH,2.07,20.0,18.0,0.91
16.7685592,81.1615444,15.228,212.0,0.5175,Corrosion,PINH,2.07,19.0,18.0,0.91
16.7685583,81.1615411,15.234,175.5,0.5175,Corrosion,PINH,2.07,14.0,18.0,0.91
16.7685581,81.1615408,15.235,203.5,0.5175,Corrosion,PINH,2.07,13.0,18.0,0.91
16.7685578,81.1615392,15.239,195.0,0.5175,Corrosion,AXSL,2.07,22.0,18.0,0.91
16.7685572,81.1615378,15.241,196.49999999999997,0.5175,Corrosion,AXSL,2.07,36.0,18.0,0.91
16.7685569,81.1615367,15.243,196.49999999999997,0.5175,Corrosion,AXSL,2.07,21.0,18.0,0.91
16.7681542,81.1601189,14.896,289.5,0.43,Pipe mill anomaly,PITT,1.72,29.0,20.0,0.91
16.7677708,81.1587611,15.303,178.0,0.43,Pipe mill anomaly,PITT,1.72,20.0,18.0,0.91
16.7668242,81.1554169,15.642,53.50000000000001,0.43,Pipe mill anomaly,PITT,1.72,34.0,18.0,0.91
16.764485,81.1484697,14.307,72.0,0.43,Pipe mill anomaly,PITT,1.72,19.0,18.0,0.91
16.7641669,81.1471297,13.969,168.50000000000003,0.43,Pipe mill anomaly,CISL,1.72,16.0,18.0,0.91
16.7641458,81.1470392,14.026,307.5,0.43,Pipe mill anomaly,PITT,1.72,23.0,18.0,0.91
16.7637114,81.14516,13.157,168.50000000000003,0.43,Pipe mill anomaly,PITT,1.72,19.0,21.0,0.91
16.7628508,81.1415192,12.585,213.5,0.43,Pipe mill anomaly,AXGR,1.72,78.0,18.0,0.92
16.7628478,81.1415056,12.597,259.0,0.43,Pipe mill anomaly,AXGR,1.72,49.0,18.0,0.91
16.7625086,81.1400614,13.465,148.50000000000003,0.43,Pipe mill anomaly,AXGR,1.72,48.0,21.0,0.91
16.7623606,81.137965,12.808,161.5,0.43,Pipe mill anomaly,PITT,1.72,29.0,18.0,0.91
16.7623731,81.1378669,12.827,209.50000000000003,0.43,Pipe mill anomaly,PITT,1.72,24.0,18.0,0.91
16.7623819,81.1377936,12.823,316.50000000000006,0.43,Pipe mill anomaly,PITT,1.72,20.0,18.0,0.91
16.7625297,81.1363956,13.901,241.99999999999997,0.43,Pipe mill anomaly,PITT,1.72,42.0,24.0,0.91
16.7628489,81.1315686,13.536,332.0,0.43,Pipe mill anomaly,PITT,1.72,22.0,18.0,0.91
16.7632153,81.1211322,14.12,248.00000000000006,0.43,Pipe mill anomaly,PITT,1.72,25.0,18.0,0.91
16.7614133,81.1149303,14.609,228.50000000000006,0.43,Pipe mill anomaly,AXGR,1.72,66.0,18.0,0.91
16.7603944,81.1101061,15.594,182.50000000000003,0.516,Pipe mill anomaly,PITT,2.064,32.0,27.0,0.91
16.76018,81.1090278,15.639,235.0,0.43,Pipe mill anomaly,PITT,1.72,22.0,18.0,0.91
16.7601858,81.1087831,15.738,120.00000000000001,0.43,Pipe mill anomaly,PITT,1.72,33.0,20.0,0.91
16.7601975,81.1079831,16.366,236.00000000000003,0.43,Pipe mill anomaly,PITT,1.72,44.0,24.0,0.91
16.7602044,81.1075442,16.511,273.0,0.43,Pipe mill anomaly,CISL,1.72,12.0,18.0,0.91
16.7602336,81.1049906,16.673,144.0,0.43,Pipe mill anomaly,PITT,1.72,34.0,24.0,0.91
16.7602525,81.1038547,17.242,174.5,0.43,Pipe mill anomaly,PITT,1.72,33.0,20.0,0.91
16.7602642,81.1028219,17.077,254.5,0.43,Pipe mill anomaly,AXGR,1.72,50.0,22.0,0.91
16.7602647,81.1027292,17.128,41.99999999999999,0.43,Pipe mill anomaly,AXGR,1.72,45.0,18.0,0.91
16.7602669,81.1023328,17.207,211.0,0.43,Pipe mill anomaly,PITT,1.72,25.0,18.0,0.91
16.7601764,81.0964392,17.504,106.5,0.43,Pipe mill anomaly,PITT,1.72,50.0,35.0,0.91
16.7602817,81.0956819,18.323,193.50000000000003,0.43,Pipe mill anomaly,PITT,1.72,24.0,22.0,0.91
16.7606839,81.0931103,18.658,216.5,0.5175,Pipe mill anomaly,AXSL,2.07,27.0,18.0,0.91
16.7611717,81.0900006,19.637,39.5,0.5175,Pipe mill anomaly,PINH,2.07,14.0,18.0,0.91
16.7642306,81.0754081,24.008,79.00000000000001,0.5175,Pipe mill anomaly,PINH,2.07,15.0,18.0,0.91
16.7649686,81.0718836,26.246,130.5,0.5175,Pipe mill anomaly,AXSL,2.07,28.0,18.0,0.91
16.7649686,81.0718783,26.246,131.00000000000003,0.5175,Pipe mill anomaly,AXSL,2.07,28.0,18.0,0.91
16.7650158,81.0642017,25.57,205.50000000000003,0.5175,Pipe mill anomaly,PITT,2.07,40.0,27.0,0.91
16.765235,81.0605931,23.499,137.0,0.43,Pipe mill anomaly,PITT,1.72,48.0,32.0,0.91
16.7653183,81.0593667,22.689,349.0,0.43,Pipe mill anomaly,AXGR,1.72,56.0,18.0,0.91
16.7653808,81.0583875,18.417,229.00000000000003,0.43,Pipe mill anomaly,PITT,1.72,25.0,18.0,0.91
16.76534,81.0548694,24.989,129.5,0.43,Pipe mill anomaly,PITT,1.72,27.0,18.0,0.91
16.7652978,81.0543728,24.678,118.00000000000001,0.43,Pipe mill anomaly,PITT,1.72,31.0,20.0,0.91
16.7652953,81.0543428,24.592,46.50000000000001,0.43,Pipe mill anomaly,PITT,1.72,33.0,18.0,0.91
16.7652383,81.0536725,24.684,185.00000000000003,0.43,Pipe mill anomaly,AXGR,1.72,36.0,18.0,0.91
16.7651089,81.0510394,26.125,128.0,0.43,Pipe mill anomaly,PITT,1.72,38.0,21.0,0.91
16.7651517,81.0503022,26.173,110.0,0.43,Pipe mill anomaly,PITT,1.72,29.0,18.0,0.91
16.7651542,81.0502628,26.183,282.5,0.43,Pipe mill anomaly,PITT,1.72,29.0,20.0,0.91
16.7651872,81.0497017,26.189,230.5,0.43,Pipe mill anomaly,PITT,1.72,40.0,21.0,0.91
16.7652578,81.0483286,25.964,336.50000000000006,0.43,Pipe mill anomaly,AXGR,1.72,40.0,19.0,0.91
16.7653908,81.0459572,26.422,135.5,0.43,Pipe mill anomaly,PITT,1.72,30.0,19.0,0.91
16.7653978,81.0458278,26.327,247.50000000000003,0.43,Pipe mill anomaly,PITT,1.72,33.0,19.0,0.91
16.7654214,81.0453933,25.961,16.5,0.43,Pipe mill anomaly,PITT,1.72,30.0,18.0,0.91
16.7648667,81.04299,26.257,99.5,0.43,Pipe mill anomaly,PITT,1.72,36.0,19.0,0.91
16.7630553,81.0395003,26.176,195.0,0.43,Pipe mill anomaly,PITT,1.72,24.0,18.0,0.91
16.7604972,81.0346225,26.958,279.0,0.43,Pipe mill anomaly,PITT,1.72,29.0,18.0,0.91
16.7600856,81.0339228,27.02,201.5,0.43,Pipe mill anomaly,PITT,1.72,19.0,18.0,0.91
16.7595169,81.032965,27.122,258.5,0.43,Pipe mill anomaly,PITT,1.72,28.0,18.0,0.91
16.7593411,81.0326664,27.293,267.00000000000006,0.43,Pipe mill anomaly,AXGR,1.72,63.0,25.0,0.91
16.7577656,81.0296542,28.226,175.0,0.43,Pipe mill anomaly,PITT,1.72,24.0,18.0,0.91
16.7574144,81.0285472,29.299,194.5,0.43,Pipe mill anomaly,PITT,1.72,21.0,18.0,0.91
16.7574133,81.0285436,29.295,105.0,0.43,Pipe mill anomaly,PITT,1.72,34.0,32.0,0.91
16.7574131,81.0285431,29.294,87.5,0.43,Pipe mill anomaly,PITT,1.72,30.0,29.0,0.91
16.7573761,81.0284308,29.121,319.0,0.43,Pipe mill anomaly,PITT,1.72,31.0,21.0,0.91
16.7567425,81.0264681,30.257,271.50000000000006,0.43,Pipe mill anomaly,PITT,1.72,28.0,18.0,0.91
16.7566467,81.0261611,30.573,162.5,0.43,Pipe mill anomaly,PITT,1.72,29.0,18.0,0.91
16.7565136,81.0257192,29.281,269.0,0.0,Other,,0.0,,,
16.7565025,81.0256786,27.017,149.5,0.5175,Corrosion,PINH,2.07,18.0,18.0,0.91
16.7565022,81.0256778,26.973,213.0,0.5175,Corrosion,PINH,2.07,14.0,18.0,0.91
16.7565019,81.0256769,26.923,156.5,0.5175,Corrosion,PINH,2.07,16.0,18.0,0.91
16.7565019,81.0256767,26.909,204.5,0.5175,Corrosion,PINH,2.07,12.0,18.0,0.91
16.7565017,81.0256764,26.899,216.00000000000003,0.5175,Corrosion cluster,CIGR,2.07,21.0,47.0,0.91
16.7565017,81.0256758,26.862,160.5,0.5175,Corrosion,PINH,2.07,13.0,18.0,0.91
16.7565014,81.025675,26.807,170.00000000000003,0.5175,Corrosion,PINH,2.07,15.0,18.0,0.91
16.7565011,81.0256742,26.769,186.50000000000003,0.5175,Corrosion,PINH,2.07,14.0,18.0,0.91
16.7565011,81.0256736,26.74,172.0,0.5175,Corrosion,AXSL,2.07,29.0,19.0,0.91
16.7565008,81.0256736,26.735,163.0,0.621,Corrosion,AXSL,2.484,21.0,18.0,0.91
16.7565008,81.0256733,26.715,217.5,0.5175,Corrosion,PINH,2.07,17.0,18.0,0.91
16.7565008,81.0256731,26.709,204.0,0.5175,Corrosion,PINH,2.07,13.0,18.0,0.91
16.7565006,81.0256725,26.679,206.5,0.5175,Corrosion,PINH,2.07,13.0,18.0,0.91
16.7565006,81.0256725,26.679,216.00000000000003,0.5175,Corrosion,PINH,2.07,15.0,18.0,0.91
16.7565006,81.0256725,26.672,146.00000000000003,0.5175,Corrosion,PINH,2.07,14.0,18.0,0.91
16.7565006,81.0256722,26.656,171.0,0.5175,Corrosion,PINH,2.07,12.0,18.0,0.91
16.7565006,81.0256722,26.656,188.5,0.5175,Corrosion,PINH,2.07,18.0,18.0,0.91
16.7565006,81.0256719,26.647,165.5,0.5175,Corrosion,PINH,2.07,15.0,18.0,0.91
16.7565006,81.0256719,26.64,215.5,0.5175,Corrosion,PINH,2.07,15.0,19.0,0.91
16.7565006,81.0256717,26.636,220.49999999999997,0.5175,Corrosion,PINH,2.07,13.0,18.0,0.91
16.7565003,81.0256711,26.598,174.5,0.5175,Corrosion cluster,PITT,2.07,21.0,38.0,0.91
16.7565003,81.0256708,26.591,219.49999999999997,0.5175,Corrosion,PINH,2.07,14.0,18.0,0.91
16.7565003,81.0256708,26.584,183.5,0.5175,Corrosion,PINH,2.07,13.0,18.0,0.91
16.7565,81.0256703,26.554,212.0,0.5175,Corrosion,PINH,2.07,12.0,18.0,0.91
16.7565,81.0256697,26.527,215.5,0.5175,Corrosion,AXSL,2.07,23.0,18.0,0.91
16.7564997,81.0256689,26.488,206.00000000000003,0.5175,Corrosion,PINH,2.07,13.0,18.0,0.91
16.7564994,81.0256681,26.444,148.00000000000003,0.5175,Corrosion,AXSL,2.07,24.0,19.0,0.91
16.7564994,81.0256681,26.444,175.5,0.5175,Corrosion,PINH,2.07,12.0,18.0,0.91
16.7564994,81.0256681,26.44,167.49999999999997,0.5175,Corrosion,PINH,2.07,12.0,18.0,0.91
16.7564994,81.0256678,26.432,218.99999999999997,0.5175,Corrosion,PINH,2.07,17.0,18.0,0.91
16.7564989,81.0256667,26.374,170.00000000000003,0.5175,Corrosion,PINH,2.07,12.0,18.0,0.91
16.7564989,81.0256664,26.369,201.5,0.5175,Corrosion,PINH,2.07,17.0,18.0,0.91
16.7564986,81.0256653,26.313,209.00000000000003,0.5175,Corrosion,PINH,2.07,15.0,18.0,0.91
16.7564986,81.0256653,26.312,122.0,0.5175,Corrosion,PINH,2.07,17.0,18.0,0.91
16.7564981,81.0256636,26.245,206.5,0.5175,Corrosion,PINH,2.07,19.0,18.0,0.91
16.7564981,81.0256631,26.225,231.50000000000006,0.5175,Corrosion,PINH,2.07,13.0,18.0,0.91
16.7564978,81.0256625,26.202,149.0,0.5175,Corrosion,PINH,2.07,20.0,18.0,0.91
16.7564969,81.0256594,26.1,210.5,0.5175,Corrosion,PINH,2.07,15.0,18.0,0.91
16.7564956,81.0256542,25.954,120.00000000000001,0.5175,Corrosion,PINH,2.07,15.0,18.0,0.91
16.7564953,81.0256536,25.939,225.5,0.5175,Corrosion,PINH,2.07,16.0,18.0,0.91
16.7564953,81.0256528,25.921,222.00000000000003,0.5175,Corrosion,PINH,2.07,16.0,18.0,0.91
16.7564933,81.0256461,25.819,131.50000000000003,0.5175,Corrosion,PINH,2.07,19.0,18.0,0.91
16.7564928,81.0256442,25.805,136.5,0.5175,Corrosion,PINH,2.07,13.0,18.0,0.91
16.7564925,81.0256431,25.797,125.00000000000001,0.5175,Corrosion,AXSL,2.07,23.0,19.0,0.91
16.7564919,81.0256411,25.791,232.5,0.5175,Corrosion,PINH,2.07,16.0,18.0,0.91
16.7564917,81.0256408,25.79,110.5,0.5175,Corrosion,PINH,2.07,19.0,20.0,0.91
16.7562458,81.0248961,25.962,80.5,0.43,Pipe mill anomaly,PITT,1.72,29.0,18.0,0.91
16.75624,81.0248792,25.965,226.0,0.43,Pipe mill anomaly,PITT,1.72,19.0,32.0,0.91
16.7561614,81.0246539,25.749,243.0,0.5175,Corrosion,PINH,2.07,15.0,18.0,0.91
16.75616,81.0246497,25.754,116.99999999999997,0.5175,Corrosion,PINH,2.07,18.0,18.0,0.91
16.7561583,81.0246447,25.791,238.50000000000003,0.5175,Corrosion,PINH,2.07,15.0,18.0,0.91
16.7561572,81.0246419,25.831,257.0,0.5175,Corrosion,PINH,2.07,15.0,18.0,0.91
16.7561553,81.0246367,25.936,119.0,0.5175,Corrosion,PINH,2.07,19.0,18.0,0.91
16.7561547,81.0246356,25.969,138.0,0.5175,Corrosion,PINH,2.07,17.0,18.0,0.91
16.7561444,81.0246078,27.463,206.00000000000003,0.5175,Corrosion,PINH,2.07,14.0,18.0,0.91
16.7561258,81.02456,30.846,285.0,0.5175,Corrosion,PINH,2.07,20.0,18.0,0.91
16.7559522,81.0240094,32.132,6.9999999999999964,0.43,Pipe mill anomaly,PITT,1.72,31.0,19.0,0.91
16.7552144,81.0217142,34.085,216.00000000000003,0.43,Pipe mill anomaly,PITT,1.72,24.0,18.0,0.91
16.7543828,81.0191294,36.516,37.0,0.43,Pipe mill anomaly,PITT,1.72,25.0,18.0,0.91
16.7539633,81.0178369,34.964,233.49999999999997,0.43,Pipe mill anomaly,AXGR,1.72,45.0,21.0,0.91
16.7528669,81.0155947,40.502,136.5,0.43,Pipe mill anomaly,PITT,1.72,31.0,20.0,0.91
16.7525211,81.0148967,41.232,310.0,0.43,Pipe mill anomaly,PITT,1.72,57.0,35.0,0.91
16.7524172,81.0146897,41.183,58.00000000000001,0.43,Pipe mill anomaly,PITT,1.72,29.0,18.0,0.91
16.7523494,81.0145553,41.119,162.5,0.43,Pipe mill anomaly,PITT,1.72,37.0,20.0,0.91
